2026-01-07T11:18:04.971+09:00  INFO 53344 --- [main] iu.SpringBoot.Vaadin.Application         : Starting Application using Java 17.0.15-internal with PID 53344 (/media/iu/STORAGE/__GitHub__/Prjct_2025_DEQACheck/build/classes/java/main started by iu in /media/iu/STORAGE/__GitHub__/Prjct_2025_DEQACheck)
2026-01-07T11:18:04.974+09:00  INFO 53344 --- [main] iu.SpringBoot.Vaadin.Application         : No active profile set, falling back to 1 default profile: "default"
2026-01-07T11:18:05.561+09:00  INFO 53344 --- [main] o.s.b.w.embedded.tomcat.TomcatWebServer  : Tomcat initialized with port 8080 (http)
2026-01-07T11:18:05.568+09:00  INFO 53344 --- [main] o.apache.catalina.core.StandardService   : Starting service [Tomcat]
2026-01-07T11:18:05.568+09:00  INFO 53344 --- [main] o.apache.catalina.core.StandardEngine    : Starting Servlet engine: [Apache Tomcat/10.1.30]
2026-01-07T11:18:05.603+09:00  INFO 53344 --- [main] o.a.c.c.C.[Tomcat].[localhost].[/]       : Initializing Spring embedded WebApplicationContext
2026-01-07T11:18:05.604+09:00  INFO 53344 --- [main] w.s.c.ServletWebServerApplicationContext : Root WebApplicationContext: initialization completed in 606 ms
2026-01-07T11:18:05.684+09:00  INFO 53344 --- [main] org.atmosphere.cpr.AtmosphereFramework   : Installed AtmosphereHandler com.vaadin.hilla.push.PushEndpoint mapped to context-path: /HILLA/push
2026-01-07T11:18:05.684+09:00  INFO 53344 --- [main] org.atmosphere.cpr.AtmosphereFramework   : Installed the following AtmosphereInterceptor mapped to AtmosphereHandler com.vaadin.hilla.push.PushEndpoint
2026-01-07T11:18:05.684+09:00  INFO 53344 --- [main] org.atmosphere.cpr.AtmosphereFramework   : 	org.atmosphere.interceptor.AtmosphereResourceLifecycleInterceptor : Atmosphere LifeCycle
2026-01-07T11:18:05.684+09:00  INFO 53344 --- [main] org.atmosphere.cpr.AtmosphereFramework   : 	org.atmosphere.client.TrackMessageSizeInterceptor :  Track Message Size Interceptor using |
2026-01-07T11:18:05.684+09:00  INFO 53344 --- [main] org.atmosphere.cpr.AtmosphereFramework   : 	org.atmosphere.interceptor.SuspendTrackerInterceptor : UUID Tracking Interceptor
2026-01-07T11:18:05.700+09:00  INFO 53344 --- [main] o.a.c.c.C.[Tomcat].[localhost].[/]       : Initializing AtmosphereFramework
2026-01-07T11:18:06.445+09:00  INFO 53344 --- [main] r$InitializeUserDetailsManagerConfigurer : Global AuthenticationManager configured with UserDetailsService bean with name userDetailsService
2026-01-07T11:18:06.669+09:00  INFO 53344 --- [main] org.atmosphere.cpr.AtmosphereFramework   : Installed AtmosphereHandler com.vaadin.flow.server.communication.PushAtmosphereHandler mapped to context-path: /*
2026-01-07T11:18:06.669+09:00  INFO 53344 --- [main] org.atmosphere.cpr.AtmosphereFramework   : Installed the following AtmosphereInterceptor mapped to AtmosphereHandler com.vaadin.flow.server.communication.PushAtmosphereHandler
2026-01-07T11:18:06.675+09:00  INFO 53344 --- [main] org.atmosphere.cpr.AtmosphereFramework   : Atmosphere is using org.atmosphere.util.VoidAnnotationProcessor for processing annotation
2026-01-07T11:18:06.677+09:00  INFO 53344 --- [main] org.atmosphere.util.ForkJoinPool         : Using ForkJoinPool  java.util.concurrent.ForkJoinPool. Set the org.atmosphere.cpr.broadcaster.maxAsyncWriteThreads to -1 to fully use its power.
2026-01-07T11:18:06.686+09:00  INFO 53344 --- [main] org.atmosphere.cpr.AtmosphereFramework   : Installed WebSocketProtocol org.atmosphere.websocket.protocol.SimpleHttpProtocol 
2026-01-07T11:18:06.688+09:00  INFO 53344 --- [main] o.a.container.JSR356AsyncSupport         : JSR 356 Mapping path /VAADIN/push
2026-01-07T11:18:06.693+09:00  INFO 53344 --- [main] org.atmosphere.cpr.AtmosphereFramework   : Installing Default AtmosphereInterceptors
2026-01-07T11:18:06.693+09:00  INFO 53344 --- [main] org.atmosphere.cpr.AtmosphereFramework   : 	org.atmosphere.interceptor.CorsInterceptor : CORS Interceptor Support
2026-01-07T11:18:06.693+09:00  INFO 53344 --- [main] org.atmosphere.cpr.AtmosphereFramework   : 	org.atmosphere.interceptor.CacheHeadersInterceptor : Default Response's Headers Interceptor
2026-01-07T11:18:06.694+09:00  INFO 53344 --- [main] org.atmosphere.cpr.AtmosphereFramework   : 	org.atmosphere.interceptor.PaddingAtmosphereInterceptor : Browser Padding Interceptor Support
2026-01-07T11:18:06.694+09:00  INFO 53344 --- [main] org.atmosphere.cpr.AtmosphereFramework   : 	org.atmosphere.interceptor.AndroidAtmosphereInterceptor : Android Interceptor Support
2026-01-07T11:18:06.694+09:00  INFO 53344 --- [main] org.atmosphere.cpr.AtmosphereFramework   : 	org.atmosphere.interceptor.HeartbeatInterceptor : Heartbeat Interceptor Support
2026-01-07T11:18:06.694+09:00  INFO 53344 --- [main] org.atmosphere.cpr.AtmosphereFramework   : 	org.atmosphere.interceptor.SSEAtmosphereInterceptor : SSE Interceptor Support
2026-01-07T11:18:06.694+09:00  INFO 53344 --- [main] org.atmosphere.cpr.AtmosphereFramework   : 	org.atmosphere.interceptor.JSONPAtmosphereInterceptor : JSONP Interceptor Support
2026-01-07T11:18:06.695+09:00  INFO 53344 --- [main] org.atmosphere.cpr.AtmosphereFramework   : 	org.atmosphere.interceptor.JavaScriptProtocol : Atmosphere JavaScript Protocol
2026-01-07T11:18:06.695+09:00  INFO 53344 --- [main] org.atmosphere.cpr.AtmosphereFramework   : 	org.atmosphere.interceptor.WebSocketMessageSuspendInterceptor : org.atmosphere.interceptor.WebSocketMessageSuspendInterceptor
2026-01-07T11:18:06.695+09:00  INFO 53344 --- [main] org.atmosphere.cpr.AtmosphereFramework   : 	org.atmosphere.interceptor.OnDisconnectInterceptor : Browser disconnection detection
2026-01-07T11:18:06.695+09:00  INFO 53344 --- [main] org.atmosphere.cpr.AtmosphereFramework   : 	org.atmosphere.interceptor.IdleResourceInterceptor : org.atmosphere.interceptor.IdleResourceInterceptor
2026-01-07T11:18:06.695+09:00  INFO 53344 --- [main] org.atmosphere.cpr.AtmosphereFramework   : Set org.atmosphere.cpr.AtmosphereInterceptor.disableDefaults to disable them.
2026-01-07T11:18:06.695+09:00  INFO 53344 --- [main] org.atmosphere.cpr.AtmosphereFramework   : Installed AtmosphereInterceptor CORS Interceptor Support with priority FIRST_BEFORE_DEFAULT 
2026-01-07T11:18:06.697+09:00  INFO 53344 --- [main] org.atmosphere.cpr.AtmosphereFramework   : Installed AtmosphereInterceptor Default Response's Headers Interceptor with priority AFTER_DEFAULT 
2026-01-07T11:18:06.697+09:00  INFO 53344 --- [main] org.atmosphere.cpr.AtmosphereFramework   : Installed AtmosphereInterceptor Browser Padding Interceptor Support with priority AFTER_DEFAULT 
2026-01-07T11:18:06.697+09:00  INFO 53344 --- [main] org.atmosphere.cpr.AtmosphereFramework   : Installed AtmosphereInterceptor Android Interceptor Support with priority AFTER_DEFAULT 
2026-01-07T11:18:06.697+09:00  INFO 53344 --- [main] o.a.interceptor.HeartbeatInterceptor     : HeartbeatInterceptor configured with padding value 'X', client frequency 0 seconds and server frequency 60 seconds
2026-01-07T11:18:06.697+09:00  INFO 53344 --- [main] org.atmosphere.cpr.AtmosphereFramework   : Installed AtmosphereInterceptor Heartbeat Interceptor Support with priority AFTER_DEFAULT 
2026-01-07T11:18:06.697+09:00  INFO 53344 --- [main] org.atmosphere.cpr.AtmosphereFramework   : Installed AtmosphereInterceptor SSE Interceptor Support with priority AFTER_DEFAULT 
2026-01-07T11:18:06.697+09:00  INFO 53344 --- [main] org.atmosphere.cpr.AtmosphereFramework   : Installed AtmosphereInterceptor JSONP Interceptor Support with priority AFTER_DEFAULT 
2026-01-07T11:18:06.697+09:00  INFO 53344 --- [main] org.atmosphere.cpr.AtmosphereFramework   : Installed AtmosphereInterceptor Atmosphere JavaScript Protocol with priority AFTER_DEFAULT 
2026-01-07T11:18:06.697+09:00  INFO 53344 --- [main] org.atmosphere.cpr.AtmosphereFramework   : Installed AtmosphereInterceptor org.atmosphere.interceptor.WebSocketMessageSuspendInterceptor with priority AFTER_DEFAULT 
2026-01-07T11:18:06.697+09:00  INFO 53344 --- [main] org.atmosphere.cpr.AtmosphereFramework   : Installed AtmosphereInterceptor Browser disconnection detection with priority AFTER_DEFAULT 
2026-01-07T11:18:06.697+09:00  INFO 53344 --- [main] org.atmosphere.cpr.AtmosphereFramework   : Installed AtmosphereInterceptor org.atmosphere.interceptor.IdleResourceInterceptor with priority BEFORE_DEFAULT 
2026-01-07T11:18:06.697+09:00  INFO 53344 --- [main] org.atmosphere.cpr.AtmosphereFramework   : Using EndpointMapper class org.atmosphere.util.DefaultEndpointMapper
2026-01-07T11:18:06.697+09:00  INFO 53344 --- [main] org.atmosphere.cpr.AtmosphereFramework   : Using BroadcasterCache: org.atmosphere.cache.UUIDBroadcasterCache
2026-01-07T11:18:06.698+09:00  INFO 53344 --- [main] org.atmosphere.cpr.AtmosphereFramework   : Default Broadcaster Class: org.atmosphere.cpr.DefaultBroadcaster
2026-01-07T11:18:06.698+09:00  INFO 53344 --- [main] org.atmosphere.cpr.AtmosphereFramework   : Broadcaster Shared List Resources: false
2026-01-07T11:18:06.698+09:00  INFO 53344 --- [main] org.atmosphere.cpr.AtmosphereFramework   : Broadcaster Polling Wait Time 100
2026-01-07T11:18:06.698+09:00  INFO 53344 --- [main] org.atmosphere.cpr.AtmosphereFramework   : Shared ExecutorService supported: true
2026-01-07T11:18:06.698+09:00  INFO 53344 --- [main] org.atmosphere.cpr.AtmosphereFramework   : Messaging ExecutorService Pool Size unavailable - Not instance of ThreadPoolExecutor
2026-01-07T11:18:06.698+09:00  INFO 53344 --- [main] org.atmosphere.cpr.AtmosphereFramework   : Async I/O Thread Pool Size: 200
2026-01-07T11:18:06.698+09:00  INFO 53344 --- [main] org.atmosphere.cpr.AtmosphereFramework   : Using BroadcasterFactory: org.atmosphere.cpr.DefaultBroadcasterFactory
2026-01-07T11:18:06.698+09:00  INFO 53344 --- [main] org.atmosphere.cpr.AtmosphereFramework   : Using AtmosphereResurceFactory: org.atmosphere.cpr.DefaultAtmosphereResourceFactory
2026-01-07T11:18:06.698+09:00  INFO 53344 --- [main] org.atmosphere.cpr.AtmosphereFramework   : Using WebSocketProcessor: org.atmosphere.websocket.DefaultWebSocketProcessor
2026-01-07T11:18:06.699+09:00  INFO 53344 --- [main] org.atmosphere.cpr.AtmosphereFramework   : Invoke AtmosphereInterceptor on WebSocket message true
2026-01-07T11:18:06.699+09:00  INFO 53344 --- [main] org.atmosphere.cpr.AtmosphereFramework   : HttpSession supported: true
2026-01-07T11:18:06.699+09:00  INFO 53344 --- [main] org.atmosphere.cpr.AtmosphereFramework   : Atmosphere is using DefaultAtmosphereObjectFactory for dependency injection and object creation
2026-01-07T11:18:06.699+09:00  INFO 53344 --- [main] org.atmosphere.cpr.AtmosphereFramework   : Atmosphere is using async support: org.atmosphere.container.JSR356AsyncSupport running under container: Apache Tomcat/10.1.30 using jakarta.servlet/3.0 and jsr356/WebSocket API
2026-01-07T11:18:06.699+09:00  INFO 53344 --- [main] org.atmosphere.cpr.AtmosphereFramework   : Atmosphere Framework 3.0.5.slf4jvaadin1 started.
2026-01-07T11:18:06.700+09:00  INFO 53344 --- [main] org.atmosphere.cpr.AtmosphereFramework   : Installed AtmosphereInterceptor  Track Message Size Interceptor using | with priority BEFORE_DEFAULT 
2026-01-07T11:18:06.714+09:00  INFO 53344 --- [main] org.atmosphere.cpr.AtmosphereFramework   : Atmosphere is using org.atmosphere.cpr.DefaultAnnotationProcessor for processing annotation
2026-01-07T11:18:06.715+09:00  INFO 53344 --- [main] o.a.cpr.DefaultAnnotationProcessor       : AnnotationProcessor class org.atmosphere.cpr.DefaultAnnotationProcessor$BytecodeBasedAnnotationProcessor being used
2026-01-07T11:18:08.326+09:00  INFO 53344 --- [main] org.atmosphere.cpr.AtmosphereFramework   : Auto detecting WebSocketHandler in /WEB-INF/classes/
2026-01-07T11:18:08.326+09:00  INFO 53344 --- [main] org.atmosphere.cpr.AtmosphereFramework   : Installed WebSocketProtocol org.atmosphere.websocket.protocol.SimpleHttpProtocol 
2026-01-07T11:18:08.326+09:00  INFO 53344 --- [main] o.a.container.JSR356AsyncSupport         : JSR 356 Mapping path /HILLA/push
2026-01-07T11:18:08.327+09:00  INFO 53344 --- [main] org.atmosphere.cpr.AtmosphereFramework   : Installing Default AtmosphereInterceptors
2026-01-07T11:18:08.327+09:00  INFO 53344 --- [main] org.atmosphere.cpr.AtmosphereFramework   : 	org.atmosphere.interceptor.CorsInterceptor : CORS Interceptor Support
2026-01-07T11:18:08.327+09:00  INFO 53344 --- [main] org.atmosphere.cpr.AtmosphereFramework   : 	org.atmosphere.interceptor.CacheHeadersInterceptor : Default Response's Headers Interceptor
2026-01-07T11:18:08.327+09:00  INFO 53344 --- [main] org.atmosphere.cpr.AtmosphereFramework   : 	org.atmosphere.interceptor.PaddingAtmosphereInterceptor : Browser Padding Interceptor Support
2026-01-07T11:18:08.327+09:00  INFO 53344 --- [main] org.atmosphere.cpr.AtmosphereFramework   : 	org.atmosphere.interceptor.AndroidAtmosphereInterceptor : Android Interceptor Support
2026-01-07T11:18:08.327+09:00  INFO 53344 --- [main] org.atmosphere.cpr.AtmosphereFramework   : 	org.atmosphere.interceptor.HeartbeatInterceptor : Heartbeat Interceptor Support
2026-01-07T11:18:08.327+09:00  INFO 53344 --- [main] org.atmosphere.cpr.AtmosphereFramework   : 	org.atmosphere.interceptor.SSEAtmosphereInterceptor : SSE Interceptor Support
2026-01-07T11:18:08.327+09:00  INFO 53344 --- [main] org.atmosphere.cpr.AtmosphereFramework   : 	org.atmosphere.interceptor.JSONPAtmosphereInterceptor : JSONP Interceptor Support
2026-01-07T11:18:08.327+09:00  INFO 53344 --- [main] org.atmosphere.cpr.AtmosphereFramework   : 	org.atmosphere.interceptor.JavaScriptProtocol : Atmosphere JavaScript Protocol
2026-01-07T11:18:08.328+09:00  INFO 53344 --- [main] org.atmosphere.cpr.AtmosphereFramework   : 	org.atmosphere.interceptor.WebSocketMessageSuspendInterceptor : org.atmosphere.interceptor.WebSocketMessageSuspendInterceptor
2026-01-07T11:18:08.328+09:00  INFO 53344 --- [main] org.atmosphere.cpr.AtmosphereFramework   : 	org.atmosphere.interceptor.OnDisconnectInterceptor : Browser disconnection detection
2026-01-07T11:18:08.328+09:00  INFO 53344 --- [main] org.atmosphere.cpr.AtmosphereFramework   : 	org.atmosphere.interceptor.IdleResourceInterceptor : org.atmosphere.interceptor.IdleResourceInterceptor
2026-01-07T11:18:08.328+09:00  INFO 53344 --- [main] org.atmosphere.cpr.AtmosphereFramework   : Set org.atmosphere.cpr.AtmosphereInterceptor.disableDefaults to disable them.
2026-01-07T11:18:08.328+09:00  INFO 53344 --- [main] org.atmosphere.cpr.AtmosphereFramework   : Installed AtmosphereInterceptor CORS Interceptor Support with priority FIRST_BEFORE_DEFAULT 
2026-01-07T11:18:08.328+09:00  INFO 53344 --- [main] org.atmosphere.cpr.AtmosphereFramework   : Installed AtmosphereInterceptor Default Response's Headers Interceptor with priority AFTER_DEFAULT 
2026-01-07T11:18:08.328+09:00  INFO 53344 --- [main] org.atmosphere.cpr.AtmosphereFramework   : Installed AtmosphereInterceptor Browser Padding Interceptor Support with priority AFTER_DEFAULT 
2026-01-07T11:18:08.328+09:00  INFO 53344 --- [main] org.atmosphere.cpr.AtmosphereFramework   : Installed AtmosphereInterceptor Android Interceptor Support with priority AFTER_DEFAULT 
2026-01-07T11:18:08.328+09:00  INFO 53344 --- [main] o.a.interceptor.HeartbeatInterceptor     : HeartbeatInterceptor configured with padding value 'X', client frequency 0 seconds and server frequency 60 seconds
2026-01-07T11:18:08.328+09:00  INFO 53344 --- [main] org.atmosphere.cpr.AtmosphereFramework   : Installed AtmosphereInterceptor Heartbeat Interceptor Support with priority AFTER_DEFAULT 
2026-01-07T11:18:08.328+09:00  INFO 53344 --- [main] org.atmosphere.cpr.AtmosphereFramework   : Installed AtmosphereInterceptor SSE Interceptor Support with priority AFTER_DEFAULT 
2026-01-07T11:18:08.328+09:00  INFO 53344 --- [main] org.atmosphere.cpr.AtmosphereFramework   : Installed AtmosphereInterceptor JSONP Interceptor Support with priority AFTER_DEFAULT 
2026-01-07T11:18:08.328+09:00  INFO 53344 --- [main] org.atmosphere.cpr.AtmosphereFramework   : Installed AtmosphereInterceptor Atmosphere JavaScript Protocol with priority AFTER_DEFAULT 
2026-01-07T11:18:08.328+09:00  INFO 53344 --- [main] org.atmosphere.cpr.AtmosphereFramework   : Installed AtmosphereInterceptor org.atmosphere.interceptor.WebSocketMessageSuspendInterceptor with priority AFTER_DEFAULT 
2026-01-07T11:18:08.328+09:00  INFO 53344 --- [main] org.atmosphere.cpr.AtmosphereFramework   : Installed AtmosphereInterceptor Browser disconnection detection with priority AFTER_DEFAULT 
2026-01-07T11:18:08.328+09:00  INFO 53344 --- [main] org.atmosphere.cpr.AtmosphereFramework   : Installed AtmosphereInterceptor org.atmosphere.interceptor.IdleResourceInterceptor with priority BEFORE_DEFAULT 
2026-01-07T11:18:08.329+09:00  INFO 53344 --- [main] org.atmosphere.cpr.AtmosphereFramework   : Using EndpointMapper class org.atmosphere.util.DefaultEndpointMapper
2026-01-07T11:18:08.329+09:00  WARN 53344 --- [main] org.atmosphere.cpr.AtmosphereFramework   : No BroadcasterCache configured. Broadcasted message between client reconnection will be LOST. It is recommended to configure the org.atmosphere.cache.UUIDBroadcasterCache
2026-01-07T11:18:08.329+09:00  INFO 53344 --- [main] org.atmosphere.cpr.AtmosphereFramework   : Default Broadcaster Class: org.atmosphere.util.SimpleBroadcaster
2026-01-07T11:18:08.329+09:00  INFO 53344 --- [main] org.atmosphere.cpr.AtmosphereFramework   : Broadcaster Shared List Resources: false
2026-01-07T11:18:08.329+09:00  INFO 53344 --- [main] org.atmosphere.cpr.AtmosphereFramework   : Broadcaster Polling Wait Time 100
2026-01-07T11:18:08.329+09:00  INFO 53344 --- [main] org.atmosphere.cpr.AtmosphereFramework   : Shared ExecutorService supported: true
2026-01-07T11:18:08.329+09:00  INFO 53344 --- [main] org.atmosphere.util.ForkJoinPool         : Using ForkJoinPool  java.util.concurrent.ForkJoinPool. Set the org.atmosphere.cpr.broadcaster.maxAsyncWriteThreads to -1 to fully use its power.
2026-01-07T11:18:08.329+09:00  INFO 53344 --- [main] org.atmosphere.cpr.AtmosphereFramework   : Messaging ExecutorService Pool Size unavailable - Not instance of ThreadPoolExecutor
2026-01-07T11:18:08.329+09:00  INFO 53344 --- [main] org.atmosphere.cpr.AtmosphereFramework   : Async I/O Thread Pool Size: 200
2026-01-07T11:18:08.329+09:00  INFO 53344 --- [main] org.atmosphere.cpr.AtmosphereFramework   : Using BroadcasterFactory: org.atmosphere.cpr.DefaultBroadcasterFactory
2026-01-07T11:18:08.329+09:00  INFO 53344 --- [main] org.atmosphere.cpr.AtmosphereFramework   : Using AtmosphereResurceFactory: org.atmosphere.cpr.DefaultAtmosphereResourceFactory
2026-01-07T11:18:08.329+09:00  INFO 53344 --- [main] org.atmosphere.cpr.AtmosphereFramework   : Using WebSocketProcessor: org.atmosphere.websocket.DefaultWebSocketProcessor
2026-01-07T11:18:08.329+09:00  INFO 53344 --- [main] org.atmosphere.cpr.AtmosphereFramework   : Invoke AtmosphereInterceptor on WebSocket message true
2026-01-07T11:18:08.329+09:00  INFO 53344 --- [main] org.atmosphere.cpr.AtmosphereFramework   : HttpSession supported: false
2026-01-07T11:18:08.329+09:00  INFO 53344 --- [main] org.atmosphere.cpr.AtmosphereFramework   : Atmosphere is using DefaultAtmosphereObjectFactory for dependency injection and object creation
2026-01-07T11:18:08.329+09:00  INFO 53344 --- [main] org.atmosphere.cpr.AtmosphereFramework   : Atmosphere is using async support: org.atmosphere.container.JSR356AsyncSupport running under container: Apache Tomcat/10.1.30 using jakarta.servlet/3.0 and jsr356/WebSocket API
2026-01-07T11:18:08.329+09:00  INFO 53344 --- [main] org.atmosphere.cpr.AtmosphereFramework   : Atmosphere Framework 3.0.5.slf4jvaadin1 started.
2026-01-07T11:18:08.337+09:00  INFO 53344 --- [main] c.v.f.s.DefaultDeploymentConfiguration   : Vaadin is running in production mode.
2026-01-07T11:18:08.346+09:00  INFO 53344 --- [main] c.vaadin.flow.spring.SpringInstantiator  : The number of beans implementing 'I18NProvider' is 0. Cannot use Spring beans for I18N, falling back to the default behavior
2026-01-07T11:18:08.363+09:00  INFO 53344 --- [main] o.s.b.w.embedded.tomcat.TomcatWebServer  : Tomcat started on port 8080 (http) with context path '/'
2026-01-07T11:18:08.368+09:00  INFO 53344 --- [main] iu.SpringBoot.Vaadin.Application         : Started Application in 3.619 seconds (process running for 3.797)
2026-01-07T11:31:05.064+09:00  INFO 53344 --- [http-nio-8080-exec-1] o.a.c.c.C.[Tomcat].[localhost].[/]       : Initializing Spring DispatcherServlet 'dispatcherServlet'
2026-01-07T11:31:05.064+09:00  INFO 53344 --- [http-nio-8080-exec-1] o.s.web.servlet.DispatcherServlet        : Initializing Servlet 'dispatcherServlet'
2026-01-07T11:31:05.064+09:00  INFO 53344 --- [http-nio-8080-exec-1] o.s.web.servlet.DispatcherServlet        : Completed initialization in 0 ms
2026-01-07T11:41:32.250+09:00  INFO 57809 --- [main] iu.SpringBoot.Vaadin.Application         : Starting Application using Java 17.0.15-internal with PID 57809 (/media/iu/STORAGE/__GitHub__/Prjct_2025_DEQACheck/build/classes/java/main started by iu in /media/iu/STORAGE/__GitHub__/Prjct_2025_DEQACheck)
2026-01-07T11:41:32.251+09:00  INFO 57809 --- [main] iu.SpringBoot.Vaadin.Application         : No active profile set, falling back to 1 default profile: "default"
2026-01-07T11:41:32.784+09:00  INFO 57809 --- [main] o.s.b.w.embedded.tomcat.TomcatWebServer  : Tomcat initialized with port 8080 (http)
2026-01-07T11:41:32.792+09:00  INFO 57809 --- [main] o.apache.catalina.core.StandardService   : Starting service [Tomcat]
2026-01-07T11:41:32.792+09:00  INFO 57809 --- [main] o.apache.catalina.core.StandardEngine    : Starting Servlet engine: [Apache Tomcat/10.1.30]
2026-01-07T11:41:32.826+09:00  INFO 57809 --- [main] o.a.c.c.C.[Tomcat].[localhost].[/]       : Initializing Spring embedded WebApplicationContext
2026-01-07T11:41:32.826+09:00  INFO 57809 --- [main] w.s.c.ServletWebServerApplicationContext : Root WebApplicationContext: initialization completed in 554 ms
2026-01-07T11:41:32.913+09:00  INFO 57809 --- [main] org.atmosphere.cpr.AtmosphereFramework   : Installed AtmosphereHandler com.vaadin.hilla.push.PushEndpoint mapped to context-path: /HILLA/push
2026-01-07T11:41:32.914+09:00  INFO 57809 --- [main] org.atmosphere.cpr.AtmosphereFramework   : Installed the following AtmosphereInterceptor mapped to AtmosphereHandler com.vaadin.hilla.push.PushEndpoint
2026-01-07T11:41:32.914+09:00  INFO 57809 --- [main] org.atmosphere.cpr.AtmosphereFramework   : 	org.atmosphere.interceptor.AtmosphereResourceLifecycleInterceptor : Atmosphere LifeCycle
2026-01-07T11:41:32.914+09:00  INFO 57809 --- [main] org.atmosphere.cpr.AtmosphereFramework   : 	org.atmosphere.client.TrackMessageSizeInterceptor :  Track Message Size Interceptor using |
2026-01-07T11:41:32.914+09:00  INFO 57809 --- [main] org.atmosphere.cpr.AtmosphereFramework   : 	org.atmosphere.interceptor.SuspendTrackerInterceptor : UUID Tracking Interceptor
2026-01-07T11:41:32.929+09:00  INFO 57809 --- [main] o.a.c.c.C.[Tomcat].[localhost].[/]       : Initializing AtmosphereFramework
2026-01-07T11:41:33.654+09:00  INFO 57809 --- [main] r$InitializeUserDetailsManagerConfigurer : Global AuthenticationManager configured with UserDetailsService bean with name userDetailsService
2026-01-07T11:41:33.864+09:00  INFO 57809 --- [main] org.atmosphere.cpr.AtmosphereFramework   : Installed AtmosphereHandler com.vaadin.flow.server.communication.PushAtmosphereHandler mapped to context-path: /*
2026-01-07T11:41:33.864+09:00  INFO 57809 --- [main] org.atmosphere.cpr.AtmosphereFramework   : Installed the following AtmosphereInterceptor mapped to AtmosphereHandler com.vaadin.flow.server.communication.PushAtmosphereHandler
2026-01-07T11:41:33.870+09:00  INFO 57809 --- [main] org.atmosphere.cpr.AtmosphereFramework   : Atmosphere is using org.atmosphere.util.VoidAnnotationProcessor for processing annotation
2026-01-07T11:41:33.871+09:00  INFO 57809 --- [main] org.atmosphere.util.ForkJoinPool         : Using ForkJoinPool  java.util.concurrent.ForkJoinPool. Set the org.atmosphere.cpr.broadcaster.maxAsyncWriteThreads to -1 to fully use its power.
2026-01-07T11:41:33.872+09:00  INFO 57809 --- [main] org.atmosphere.cpr.AtmosphereFramework   : Installed WebSocketProtocol org.atmosphere.websocket.protocol.SimpleHttpProtocol 
2026-01-07T11:41:33.873+09:00  INFO 57809 --- [main] o.a.container.JSR356AsyncSupport         : JSR 356 Mapping path /VAADIN/push
2026-01-07T11:41:33.878+09:00  INFO 57809 --- [main] org.atmosphere.cpr.AtmosphereFramework   : Installing Default AtmosphereInterceptors
2026-01-07T11:41:33.878+09:00  INFO 57809 --- [main] org.atmosphere.cpr.AtmosphereFramework   : 	org.atmosphere.interceptor.CorsInterceptor : CORS Interceptor Support
2026-01-07T11:41:33.878+09:00  INFO 57809 --- [main] org.atmosphere.cpr.AtmosphereFramework   : 	org.atmosphere.interceptor.CacheHeadersInterceptor : Default Response's Headers Interceptor
2026-01-07T11:41:33.878+09:00  INFO 57809 --- [main] org.atmosphere.cpr.AtmosphereFramework   : 	org.atmosphere.interceptor.PaddingAtmosphereInterceptor : Browser Padding Interceptor Support
2026-01-07T11:41:33.878+09:00  INFO 57809 --- [main] org.atmosphere.cpr.AtmosphereFramework   : 	org.atmosphere.interceptor.AndroidAtmosphereInterceptor : Android Interceptor Support
2026-01-07T11:41:33.879+09:00  INFO 57809 --- [main] org.atmosphere.cpr.AtmosphereFramework   : 	org.atmosphere.interceptor.HeartbeatInterceptor : Heartbeat Interceptor Support
2026-01-07T11:41:33.879+09:00  INFO 57809 --- [main] org.atmosphere.cpr.AtmosphereFramework   : 	org.atmosphere.interceptor.SSEAtmosphereInterceptor : SSE Interceptor Support
2026-01-07T11:41:33.879+09:00  INFO 57809 --- [main] org.atmosphere.cpr.AtmosphereFramework   : 	org.atmosphere.interceptor.JSONPAtmosphereInterceptor : JSONP Interceptor Support
2026-01-07T11:41:33.879+09:00  INFO 57809 --- [main] org.atmosphere.cpr.AtmosphereFramework   : 	org.atmosphere.interceptor.JavaScriptProtocol : Atmosphere JavaScript Protocol
2026-01-07T11:41:33.879+09:00  INFO 57809 --- [main] org.atmosphere.cpr.AtmosphereFramework   : 	org.atmosphere.interceptor.WebSocketMessageSuspendInterceptor : org.atmosphere.interceptor.WebSocketMessageSuspendInterceptor
2026-01-07T11:41:33.879+09:00  INFO 57809 --- [main] org.atmosphere.cpr.AtmosphereFramework   : 	org.atmosphere.interceptor.OnDisconnectInterceptor : Browser disconnection detection
2026-01-07T11:41:33.880+09:00  INFO 57809 --- [main] org.atmosphere.cpr.AtmosphereFramework   : 	org.atmosphere.interceptor.IdleResourceInterceptor : org.atmosphere.interceptor.IdleResourceInterceptor
2026-01-07T11:41:33.880+09:00  INFO 57809 --- [main] org.atmosphere.cpr.AtmosphereFramework   : Set org.atmosphere.cpr.AtmosphereInterceptor.disableDefaults to disable them.
2026-01-07T11:41:33.880+09:00  INFO 57809 --- [main] org.atmosphere.cpr.AtmosphereFramework   : Installed AtmosphereInterceptor CORS Interceptor Support with priority FIRST_BEFORE_DEFAULT 
2026-01-07T11:41:33.881+09:00  INFO 57809 --- [main] org.atmosphere.cpr.AtmosphereFramework   : Installed AtmosphereInterceptor Default Response's Headers Interceptor with priority AFTER_DEFAULT 
2026-01-07T11:41:33.881+09:00  INFO 57809 --- [main] org.atmosphere.cpr.AtmosphereFramework   : Installed AtmosphereInterceptor Browser Padding Interceptor Support with priority AFTER_DEFAULT 
2026-01-07T11:41:33.881+09:00  INFO 57809 --- [main] org.atmosphere.cpr.AtmosphereFramework   : Installed AtmosphereInterceptor Android Interceptor Support with priority AFTER_DEFAULT 
2026-01-07T11:41:33.881+09:00  INFO 57809 --- [main] o.a.interceptor.HeartbeatInterceptor     : HeartbeatInterceptor configured with padding value 'X', client frequency 0 seconds and server frequency 60 seconds
2026-01-07T11:41:33.882+09:00  INFO 57809 --- [main] org.atmosphere.cpr.AtmosphereFramework   : Installed AtmosphereInterceptor Heartbeat Interceptor Support with priority AFTER_DEFAULT 
2026-01-07T11:41:33.882+09:00  INFO 57809 --- [main] org.atmosphere.cpr.AtmosphereFramework   : Installed AtmosphereInterceptor SSE Interceptor Support with priority AFTER_DEFAULT 
2026-01-07T11:41:33.882+09:00  INFO 57809 --- [main] org.atmosphere.cpr.AtmosphereFramework   : Installed AtmosphereInterceptor JSONP Interceptor Support with priority AFTER_DEFAULT 
2026-01-07T11:41:33.882+09:00  INFO 57809 --- [main] org.atmosphere.cpr.AtmosphereFramework   : Installed AtmosphereInterceptor Atmosphere JavaScript Protocol with priority AFTER_DEFAULT 
2026-01-07T11:41:33.882+09:00  INFO 57809 --- [main] org.atmosphere.cpr.AtmosphereFramework   : Installed AtmosphereInterceptor org.atmosphere.interceptor.WebSocketMessageSuspendInterceptor with priority AFTER_DEFAULT 
2026-01-07T11:41:33.882+09:00  INFO 57809 --- [main] org.atmosphere.cpr.AtmosphereFramework   : Installed AtmosphereInterceptor Browser disconnection detection with priority AFTER_DEFAULT 
2026-01-07T11:41:33.882+09:00  INFO 57809 --- [main] org.atmosphere.cpr.AtmosphereFramework   : Installed AtmosphereInterceptor org.atmosphere.interceptor.IdleResourceInterceptor with priority BEFORE_DEFAULT 
2026-01-07T11:41:33.882+09:00  INFO 57809 --- [main] org.atmosphere.cpr.AtmosphereFramework   : Using EndpointMapper class org.atmosphere.util.DefaultEndpointMapper
2026-01-07T11:41:33.882+09:00  INFO 57809 --- [main] org.atmosphere.cpr.AtmosphereFramework   : Using BroadcasterCache: org.atmosphere.cache.UUIDBroadcasterCache
2026-01-07T11:41:33.882+09:00  INFO 57809 --- [main] org.atmosphere.cpr.AtmosphereFramework   : Default Broadcaster Class: org.atmosphere.cpr.DefaultBroadcaster
2026-01-07T11:41:33.882+09:00  INFO 57809 --- [main] org.atmosphere.cpr.AtmosphereFramework   : Broadcaster Shared List Resources: false
2026-01-07T11:41:33.882+09:00  INFO 57809 --- [main] org.atmosphere.cpr.AtmosphereFramework   : Broadcaster Polling Wait Time 100
2026-01-07T11:41:33.882+09:00  INFO 57809 --- [main] org.atmosphere.cpr.AtmosphereFramework   : Shared ExecutorService supported: true
2026-01-07T11:41:33.882+09:00  INFO 57809 --- [main] org.atmosphere.cpr.AtmosphereFramework   : Messaging ExecutorService Pool Size unavailable - Not instance of ThreadPoolExecutor
2026-01-07T11:41:33.882+09:00  INFO 57809 --- [main] org.atmosphere.cpr.AtmosphereFramework   : Async I/O Thread Pool Size: 200
2026-01-07T11:41:33.882+09:00  INFO 57809 --- [main] org.atmosphere.cpr.AtmosphereFramework   : Using BroadcasterFactory: org.atmosphere.cpr.DefaultBroadcasterFactory
2026-01-07T11:41:33.882+09:00  INFO 57809 --- [main] org.atmosphere.cpr.AtmosphereFramework   : Using AtmosphereResurceFactory: org.atmosphere.cpr.DefaultAtmosphereResourceFactory
2026-01-07T11:41:33.882+09:00  INFO 57809 --- [main] org.atmosphere.cpr.AtmosphereFramework   : Using WebSocketProcessor: org.atmosphere.websocket.DefaultWebSocketProcessor
2026-01-07T11:41:33.884+09:00  INFO 57809 --- [main] org.atmosphere.cpr.AtmosphereFramework   : Invoke AtmosphereInterceptor on WebSocket message true
2026-01-07T11:41:33.884+09:00  INFO 57809 --- [main] org.atmosphere.cpr.AtmosphereFramework   : HttpSession supported: true
2026-01-07T11:41:33.884+09:00  INFO 57809 --- [main] org.atmosphere.cpr.AtmosphereFramework   : Atmosphere is using DefaultAtmosphereObjectFactory for dependency injection and object creation
2026-01-07T11:41:33.884+09:00  INFO 57809 --- [main] org.atmosphere.cpr.AtmosphereFramework   : Atmosphere is using async support: org.atmosphere.container.JSR356AsyncSupport running under container: Apache Tomcat/10.1.30 using jakarta.servlet/3.0 and jsr356/WebSocket API
2026-01-07T11:41:33.884+09:00  INFO 57809 --- [main] org.atmosphere.cpr.AtmosphereFramework   : Atmosphere Framework 3.0.5.slf4jvaadin1 started.
2026-01-07T11:41:33.885+09:00  INFO 57809 --- [main] org.atmosphere.cpr.AtmosphereFramework   : Installed AtmosphereInterceptor  Track Message Size Interceptor using | with priority BEFORE_DEFAULT 
2026-01-07T11:41:33.896+09:00  INFO 57809 --- [main] org.atmosphere.cpr.AtmosphereFramework   : Atmosphere is using org.atmosphere.cpr.DefaultAnnotationProcessor for processing annotation
2026-01-07T11:41:33.897+09:00  INFO 57809 --- [main] o.a.cpr.DefaultAnnotationProcessor       : AnnotationProcessor class org.atmosphere.cpr.DefaultAnnotationProcessor$BytecodeBasedAnnotationProcessor being used
2026-01-07T11:41:35.549+09:00  INFO 57809 --- [main] org.atmosphere.cpr.AtmosphereFramework   : Auto detecting WebSocketHandler in /WEB-INF/classes/
2026-01-07T11:41:35.549+09:00  INFO 57809 --- [main] org.atmosphere.cpr.AtmosphereFramework   : Installed WebSocketProtocol org.atmosphere.websocket.protocol.SimpleHttpProtocol 
2026-01-07T11:41:35.557+09:00  INFO 57809 --- [main] o.a.container.JSR356AsyncSupport         : JSR 356 Mapping path /HILLA/push
2026-01-07T11:41:35.557+09:00  INFO 57809 --- [main] org.atmosphere.cpr.AtmosphereFramework   : Installing Default AtmosphereInterceptors
2026-01-07T11:41:35.557+09:00  INFO 57809 --- [main] org.atmosphere.cpr.AtmosphereFramework   : 	org.atmosphere.interceptor.CorsInterceptor : CORS Interceptor Support
2026-01-07T11:41:35.557+09:00  INFO 57809 --- [main] org.atmosphere.cpr.AtmosphereFramework   : 	org.atmosphere.interceptor.CacheHeadersInterceptor : Default Response's Headers Interceptor
2026-01-07T11:41:35.558+09:00  INFO 57809 --- [main] org.atmosphere.cpr.AtmosphereFramework   : 	org.atmosphere.interceptor.PaddingAtmosphereInterceptor : Browser Padding Interceptor Support
2026-01-07T11:41:35.558+09:00  INFO 57809 --- [main] org.atmosphere.cpr.AtmosphereFramework   : 	org.atmosphere.interceptor.AndroidAtmosphereInterceptor : Android Interceptor Support
2026-01-07T11:41:35.558+09:00  INFO 57809 --- [main] org.atmosphere.cpr.AtmosphereFramework   : 	org.atmosphere.interceptor.HeartbeatInterceptor : Heartbeat Interceptor Support
2026-01-07T11:41:35.558+09:00  INFO 57809 --- [main] org.atmosphere.cpr.AtmosphereFramework   : 	org.atmosphere.interceptor.SSEAtmosphereInterceptor : SSE Interceptor Support
2026-01-07T11:41:35.558+09:00  INFO 57809 --- [main] org.atmosphere.cpr.AtmosphereFramework   : 	org.atmosphere.interceptor.JSONPAtmosphereInterceptor : JSONP Interceptor Support
2026-01-07T11:41:35.558+09:00  INFO 57809 --- [main] org.atmosphere.cpr.AtmosphereFramework   : 	org.atmosphere.interceptor.JavaScriptProtocol : Atmosphere JavaScript Protocol
2026-01-07T11:41:35.558+09:00  INFO 57809 --- [main] org.atmosphere.cpr.AtmosphereFramework   : 	org.atmosphere.interceptor.WebSocketMessageSuspendInterceptor : org.atmosphere.interceptor.WebSocketMessageSuspendInterceptor
2026-01-07T11:41:35.558+09:00  INFO 57809 --- [main] org.atmosphere.cpr.AtmosphereFramework   : 	org.atmosphere.interceptor.OnDisconnectInterceptor : Browser disconnection detection
2026-01-07T11:41:35.558+09:00  INFO 57809 --- [main] org.atmosphere.cpr.AtmosphereFramework   : 	org.atmosphere.interceptor.IdleResourceInterceptor : org.atmosphere.interceptor.IdleResourceInterceptor
2026-01-07T11:41:35.558+09:00  INFO 57809 --- [main] org.atmosphere.cpr.AtmosphereFramework   : Set org.atmosphere.cpr.AtmosphereInterceptor.disableDefaults to disable them.
2026-01-07T11:41:35.558+09:00  INFO 57809 --- [main] org.atmosphere.cpr.AtmosphereFramework   : Installed AtmosphereInterceptor CORS Interceptor Support with priority FIRST_BEFORE_DEFAULT 
2026-01-07T11:41:35.558+09:00  INFO 57809 --- [main] org.atmosphere.cpr.AtmosphereFramework   : Installed AtmosphereInterceptor Default Response's Headers Interceptor with priority AFTER_DEFAULT 
2026-01-07T11:41:35.558+09:00  INFO 57809 --- [main] org.atmosphere.cpr.AtmosphereFramework   : Installed AtmosphereInterceptor Browser Padding Interceptor Support with priority AFTER_DEFAULT 
2026-01-07T11:41:35.558+09:00  INFO 57809 --- [main] org.atmosphere.cpr.AtmosphereFramework   : Installed AtmosphereInterceptor Android Interceptor Support with priority AFTER_DEFAULT 
2026-01-07T11:41:35.558+09:00  INFO 57809 --- [main] o.a.interceptor.HeartbeatInterceptor     : HeartbeatInterceptor configured with padding value 'X', client frequency 0 seconds and server frequency 60 seconds
2026-01-07T11:41:35.558+09:00  INFO 57809 --- [main] org.atmosphere.cpr.AtmosphereFramework   : Installed AtmosphereInterceptor Heartbeat Interceptor Support with priority AFTER_DEFAULT 
2026-01-07T11:41:35.558+09:00  INFO 57809 --- [main] org.atmosphere.cpr.AtmosphereFramework   : Installed AtmosphereInterceptor SSE Interceptor Support with priority AFTER_DEFAULT 
2026-01-07T11:41:35.558+09:00  INFO 57809 --- [main] org.atmosphere.cpr.AtmosphereFramework   : Installed AtmosphereInterceptor JSONP Interceptor Support with priority AFTER_DEFAULT 
2026-01-07T11:41:35.558+09:00  INFO 57809 --- [main] org.atmosphere.cpr.AtmosphereFramework   : Installed AtmosphereInterceptor Atmosphere JavaScript Protocol with priority AFTER_DEFAULT 
2026-01-07T11:41:35.558+09:00  INFO 57809 --- [main] org.atmosphere.cpr.AtmosphereFramework   : Installed AtmosphereInterceptor org.atmosphere.interceptor.WebSocketMessageSuspendInterceptor with priority AFTER_DEFAULT 
2026-01-07T11:41:35.558+09:00  INFO 57809 --- [main] org.atmosphere.cpr.AtmosphereFramework   : Installed AtmosphereInterceptor Browser disconnection detection with priority AFTER_DEFAULT 
2026-01-07T11:41:35.558+09:00  INFO 57809 --- [main] org.atmosphere.cpr.AtmosphereFramework   : Installed AtmosphereInterceptor org.atmosphere.interceptor.IdleResourceInterceptor with priority BEFORE_DEFAULT 
2026-01-07T11:41:35.559+09:00  INFO 57809 --- [main] org.atmosphere.cpr.AtmosphereFramework   : Using EndpointMapper class org.atmosphere.util.DefaultEndpointMapper
2026-01-07T11:41:35.559+09:00  WARN 57809 --- [main] org.atmosphere.cpr.AtmosphereFramework   : No BroadcasterCache configured. Broadcasted message between client reconnection will be LOST. It is recommended to configure the org.atmosphere.cache.UUIDBroadcasterCache
2026-01-07T11:41:35.559+09:00  INFO 57809 --- [main] org.atmosphere.cpr.AtmosphereFramework   : Default Broadcaster Class: org.atmosphere.util.SimpleBroadcaster
2026-01-07T11:41:35.559+09:00  INFO 57809 --- [main] org.atmosphere.cpr.AtmosphereFramework   : Broadcaster Shared List Resources: false
2026-01-07T11:41:35.559+09:00  INFO 57809 --- [main] org.atmosphere.cpr.AtmosphereFramework   : Broadcaster Polling Wait Time 100
2026-01-07T11:41:35.559+09:00  INFO 57809 --- [main] org.atmosphere.cpr.AtmosphereFramework   : Shared ExecutorService supported: true
2026-01-07T11:41:35.559+09:00  INFO 57809 --- [main] org.atmosphere.util.ForkJoinPool         : Using ForkJoinPool  java.util.concurrent.ForkJoinPool. Set the org.atmosphere.cpr.broadcaster.maxAsyncWriteThreads to -1 to fully use its power.
2026-01-07T11:41:35.559+09:00  INFO 57809 --- [main] org.atmosphere.cpr.AtmosphereFramework   : Messaging ExecutorService Pool Size unavailable - Not instance of ThreadPoolExecutor
2026-01-07T11:41:35.559+09:00  INFO 57809 --- [main] org.atmosphere.cpr.AtmosphereFramework   : Async I/O Thread Pool Size: 200
2026-01-07T11:41:35.559+09:00  INFO 57809 --- [main] org.atmosphere.cpr.AtmosphereFramework   : Using BroadcasterFactory: org.atmosphere.cpr.DefaultBroadcasterFactory
2026-01-07T11:41:35.559+09:00  INFO 57809 --- [main] org.atmosphere.cpr.AtmosphereFramework   : Using AtmosphereResurceFactory: org.atmosphere.cpr.DefaultAtmosphereResourceFactory
2026-01-07T11:41:35.559+09:00  INFO 57809 --- [main] org.atmosphere.cpr.AtmosphereFramework   : Using WebSocketProcessor: org.atmosphere.websocket.DefaultWebSocketProcessor
2026-01-07T11:41:35.559+09:00  INFO 57809 --- [main] org.atmosphere.cpr.AtmosphereFramework   : Invoke AtmosphereInterceptor on WebSocket message true
2026-01-07T11:41:35.559+09:00  INFO 57809 --- [main] org.atmosphere.cpr.AtmosphereFramework   : HttpSession supported: false
2026-01-07T11:41:35.559+09:00  INFO 57809 --- [main] org.atmosphere.cpr.AtmosphereFramework   : Atmosphere is using DefaultAtmosphereObjectFactory for dependency injection and object creation
2026-01-07T11:41:35.559+09:00  INFO 57809 --- [main] org.atmosphere.cpr.AtmosphereFramework   : Atmosphere is using async support: org.atmosphere.container.JSR356AsyncSupport running under container: Apache Tomcat/10.1.30 using jakarta.servlet/3.0 and jsr356/WebSocket API
2026-01-07T11:41:35.559+09:00  INFO 57809 --- [main] org.atmosphere.cpr.AtmosphereFramework   : Atmosphere Framework 3.0.5.slf4jvaadin1 started.
2026-01-07T11:41:35.566+09:00  INFO 57809 --- [main] c.v.f.s.DefaultDeploymentConfiguration   : Vaadin is running in production mode.
2026-01-07T11:41:35.575+09:00  INFO 57809 --- [main] c.vaadin.flow.spring.SpringInstantiator  : The number of beans implementing 'I18NProvider' is 0. Cannot use Spring beans for I18N, falling back to the default behavior
2026-01-07T11:41:35.592+09:00  INFO 57809 --- [main] o.s.b.w.embedded.tomcat.TomcatWebServer  : Tomcat started on port 8080 (http) with context path '/'
2026-01-07T11:41:35.596+09:00  INFO 57809 --- [main] iu.SpringBoot.Vaadin.Application         : Started Application in 3.55 seconds (process running for 3.697)
2026-01-07T11:41:42.001+09:00  INFO 57809 --- [http-nio-8080-exec-2] o.a.c.c.C.[Tomcat].[localhost].[/]       : Initializing Spring DispatcherServlet 'dispatcherServlet'
2026-01-07T11:41:42.002+09:00  INFO 57809 --- [http-nio-8080-exec-2] o.s.web.servlet.DispatcherServlet        : Initializing Servlet 'dispatcherServlet'
2026-01-07T11:41:42.002+09:00  INFO 57809 --- [http-nio-8080-exec-2] o.s.web.servlet.DispatcherServlet        : Completed initialization in 0 ms
2026-01-07T11:51:23.442+09:00  INFO 59651 --- [main] iu.SpringBoot.Vaadin.Application         : Starting Application using Java 17.0.15-internal with PID 59651 (/media/iu/STORAGE/__GitHub__/Prjct_2025_DEQACheck/build/classes/java/main started by iu in /media/iu/STORAGE/__GitHub__/Prjct_2025_DEQACheck)
2026-01-07T11:51:23.443+09:00  INFO 59651 --- [main] iu.SpringBoot.Vaadin.Application         : No active profile set, falling back to 1 default profile: "default"
2026-01-07T11:51:23.966+09:00  INFO 59651 --- [main] o.s.b.w.embedded.tomcat.TomcatWebServer  : Tomcat initialized with port 8080 (http)
2026-01-07T11:51:23.973+09:00  INFO 59651 --- [main] o.apache.catalina.core.StandardService   : Starting service [Tomcat]
2026-01-07T11:51:23.973+09:00  INFO 59651 --- [main] o.apache.catalina.core.StandardEngine    : Starting Servlet engine: [Apache Tomcat/10.1.30]
2026-01-07T11:51:24.006+09:00  INFO 59651 --- [main] o.a.c.c.C.[Tomcat].[localhost].[/]       : Initializing Spring embedded WebApplicationContext
2026-01-07T11:51:24.006+09:00  INFO 59651 --- [main] w.s.c.ServletWebServerApplicationContext : Root WebApplicationContext: initialization completed in 541 ms
2026-01-07T11:51:24.081+09:00  INFO 59651 --- [main] org.atmosphere.cpr.AtmosphereFramework   : Installed AtmosphereHandler com.vaadin.hilla.push.PushEndpoint mapped to context-path: /HILLA/push
2026-01-07T11:51:24.081+09:00  INFO 59651 --- [main] org.atmosphere.cpr.AtmosphereFramework   : Installed the following AtmosphereInterceptor mapped to AtmosphereHandler com.vaadin.hilla.push.PushEndpoint
2026-01-07T11:51:24.081+09:00  INFO 59651 --- [main] org.atmosphere.cpr.AtmosphereFramework   : 	org.atmosphere.interceptor.AtmosphereResourceLifecycleInterceptor : Atmosphere LifeCycle
2026-01-07T11:51:24.081+09:00  INFO 59651 --- [main] org.atmosphere.cpr.AtmosphereFramework   : 	org.atmosphere.client.TrackMessageSizeInterceptor :  Track Message Size Interceptor using |
2026-01-07T11:51:24.082+09:00  INFO 59651 --- [main] org.atmosphere.cpr.AtmosphereFramework   : 	org.atmosphere.interceptor.SuspendTrackerInterceptor : UUID Tracking Interceptor
2026-01-07T11:51:24.097+09:00  INFO 59651 --- [main] o.a.c.c.C.[Tomcat].[localhost].[/]       : Initializing AtmosphereFramework
2026-01-07T11:51:24.825+09:00  INFO 59651 --- [main] r$InitializeUserDetailsManagerConfigurer : Global AuthenticationManager configured with UserDetailsService bean with name userDetailsService
2026-01-07T11:51:25.030+09:00  INFO 59651 --- [main] org.atmosphere.cpr.AtmosphereFramework   : Installed AtmosphereHandler com.vaadin.flow.server.communication.PushAtmosphereHandler mapped to context-path: /*
2026-01-07T11:51:25.030+09:00  INFO 59651 --- [main] org.atmosphere.cpr.AtmosphereFramework   : Installed the following AtmosphereInterceptor mapped to AtmosphereHandler com.vaadin.flow.server.communication.PushAtmosphereHandler
2026-01-07T11:51:25.035+09:00  INFO 59651 --- [main] org.atmosphere.cpr.AtmosphereFramework   : Atmosphere is using org.atmosphere.util.VoidAnnotationProcessor for processing annotation
2026-01-07T11:51:25.036+09:00  INFO 59651 --- [main] org.atmosphere.util.ForkJoinPool         : Using ForkJoinPool  java.util.concurrent.ForkJoinPool. Set the org.atmosphere.cpr.broadcaster.maxAsyncWriteThreads to -1 to fully use its power.
2026-01-07T11:51:25.037+09:00  INFO 59651 --- [main] org.atmosphere.cpr.AtmosphereFramework   : Installed WebSocketProtocol org.atmosphere.websocket.protocol.SimpleHttpProtocol 
2026-01-07T11:51:25.038+09:00  INFO 59651 --- [main] o.a.container.JSR356AsyncSupport         : JSR 356 Mapping path /VAADIN/push
2026-01-07T11:51:25.043+09:00  INFO 59651 --- [main] org.atmosphere.cpr.AtmosphereFramework   : Installing Default AtmosphereInterceptors
2026-01-07T11:51:25.043+09:00  INFO 59651 --- [main] org.atmosphere.cpr.AtmosphereFramework   : 	org.atmosphere.interceptor.CorsInterceptor : CORS Interceptor Support
2026-01-07T11:51:25.043+09:00  INFO 59651 --- [main] org.atmosphere.cpr.AtmosphereFramework   : 	org.atmosphere.interceptor.CacheHeadersInterceptor : Default Response's Headers Interceptor
2026-01-07T11:51:25.043+09:00  INFO 59651 --- [main] org.atmosphere.cpr.AtmosphereFramework   : 	org.atmosphere.interceptor.PaddingAtmosphereInterceptor : Browser Padding Interceptor Support
2026-01-07T11:51:25.044+09:00  INFO 59651 --- [main] org.atmosphere.cpr.AtmosphereFramework   : 	org.atmosphere.interceptor.AndroidAtmosphereInterceptor : Android Interceptor Support
2026-01-07T11:51:25.044+09:00  INFO 59651 --- [main] org.atmosphere.cpr.AtmosphereFramework   : 	org.atmosphere.interceptor.HeartbeatInterceptor : Heartbeat Interceptor Support
2026-01-07T11:51:25.044+09:00  INFO 59651 --- [main] org.atmosphere.cpr.AtmosphereFramework   : 	org.atmosphere.interceptor.SSEAtmosphereInterceptor : SSE Interceptor Support
2026-01-07T11:51:25.044+09:00  INFO 59651 --- [main] org.atmosphere.cpr.AtmosphereFramework   : 	org.atmosphere.interceptor.JSONPAtmosphereInterceptor : JSONP Interceptor Support
2026-01-07T11:51:25.044+09:00  INFO 59651 --- [main] org.atmosphere.cpr.AtmosphereFramework   : 	org.atmosphere.interceptor.JavaScriptProtocol : Atmosphere JavaScript Protocol
2026-01-07T11:51:25.045+09:00  INFO 59651 --- [main] org.atmosphere.cpr.AtmosphereFramework   : 	org.atmosphere.interceptor.WebSocketMessageSuspendInterceptor : org.atmosphere.interceptor.WebSocketMessageSuspendInterceptor
2026-01-07T11:51:25.045+09:00  INFO 59651 --- [main] org.atmosphere.cpr.AtmosphereFramework   : 	org.atmosphere.interceptor.OnDisconnectInterceptor : Browser disconnection detection
2026-01-07T11:51:25.045+09:00  INFO 59651 --- [main] org.atmosphere.cpr.AtmosphereFramework   : 	org.atmosphere.interceptor.IdleResourceInterceptor : org.atmosphere.interceptor.IdleResourceInterceptor
2026-01-07T11:51:25.045+09:00  INFO 59651 --- [main] org.atmosphere.cpr.AtmosphereFramework   : Set org.atmosphere.cpr.AtmosphereInterceptor.disableDefaults to disable them.
2026-01-07T11:51:25.045+09:00  INFO 59651 --- [main] org.atmosphere.cpr.AtmosphereFramework   : Installed AtmosphereInterceptor CORS Interceptor Support with priority FIRST_BEFORE_DEFAULT 
2026-01-07T11:51:25.046+09:00  INFO 59651 --- [main] org.atmosphere.cpr.AtmosphereFramework   : Installed AtmosphereInterceptor Default Response's Headers Interceptor with priority AFTER_DEFAULT 
2026-01-07T11:51:25.046+09:00  INFO 59651 --- [main] org.atmosphere.cpr.AtmosphereFramework   : Installed AtmosphereInterceptor Browser Padding Interceptor Support with priority AFTER_DEFAULT 
2026-01-07T11:51:25.047+09:00  INFO 59651 --- [main] org.atmosphere.cpr.AtmosphereFramework   : Installed AtmosphereInterceptor Android Interceptor Support with priority AFTER_DEFAULT 
2026-01-07T11:51:25.047+09:00  INFO 59651 --- [main] o.a.interceptor.HeartbeatInterceptor     : HeartbeatInterceptor configured with padding value 'X', client frequency 0 seconds and server frequency 60 seconds
2026-01-07T11:51:25.047+09:00  INFO 59651 --- [main] org.atmosphere.cpr.AtmosphereFramework   : Installed AtmosphereInterceptor Heartbeat Interceptor Support with priority AFTER_DEFAULT 
2026-01-07T11:51:25.047+09:00  INFO 59651 --- [main] org.atmosphere.cpr.AtmosphereFramework   : Installed AtmosphereInterceptor SSE Interceptor Support with priority AFTER_DEFAULT 
2026-01-07T11:51:25.047+09:00  INFO 59651 --- [main] org.atmosphere.cpr.AtmosphereFramework   : Installed AtmosphereInterceptor JSONP Interceptor Support with priority AFTER_DEFAULT 
2026-01-07T11:51:25.047+09:00  INFO 59651 --- [main] org.atmosphere.cpr.AtmosphereFramework   : Installed AtmosphereInterceptor Atmosphere JavaScript Protocol with priority AFTER_DEFAULT 
2026-01-07T11:51:25.047+09:00  INFO 59651 --- [main] org.atmosphere.cpr.AtmosphereFramework   : Installed AtmosphereInterceptor org.atmosphere.interceptor.WebSocketMessageSuspendInterceptor with priority AFTER_DEFAULT 
2026-01-07T11:51:25.047+09:00  INFO 59651 --- [main] org.atmosphere.cpr.AtmosphereFramework   : Installed AtmosphereInterceptor Browser disconnection detection with priority AFTER_DEFAULT 
2026-01-07T11:51:25.047+09:00  INFO 59651 --- [main] org.atmosphere.cpr.AtmosphereFramework   : Installed AtmosphereInterceptor org.atmosphere.interceptor.IdleResourceInterceptor with priority BEFORE_DEFAULT 
2026-01-07T11:51:25.047+09:00  INFO 59651 --- [main] org.atmosphere.cpr.AtmosphereFramework   : Using EndpointMapper class org.atmosphere.util.DefaultEndpointMapper
2026-01-07T11:51:25.047+09:00  INFO 59651 --- [main] org.atmosphere.cpr.AtmosphereFramework   : Using BroadcasterCache: org.atmosphere.cache.UUIDBroadcasterCache
2026-01-07T11:51:25.047+09:00  INFO 59651 --- [main] org.atmosphere.cpr.AtmosphereFramework   : Default Broadcaster Class: org.atmosphere.cpr.DefaultBroadcaster
2026-01-07T11:51:25.047+09:00  INFO 59651 --- [main] org.atmosphere.cpr.AtmosphereFramework   : Broadcaster Shared List Resources: false
2026-01-07T11:51:25.047+09:00  INFO 59651 --- [main] org.atmosphere.cpr.AtmosphereFramework   : Broadcaster Polling Wait Time 100
2026-01-07T11:51:25.047+09:00  INFO 59651 --- [main] org.atmosphere.cpr.AtmosphereFramework   : Shared ExecutorService supported: true
2026-01-07T11:51:25.047+09:00  INFO 59651 --- [main] org.atmosphere.cpr.AtmosphereFramework   : Messaging ExecutorService Pool Size unavailable - Not instance of ThreadPoolExecutor
2026-01-07T11:51:25.047+09:00  INFO 59651 --- [main] org.atmosphere.cpr.AtmosphereFramework   : Async I/O Thread Pool Size: 200
2026-01-07T11:51:25.047+09:00  INFO 59651 --- [main] org.atmosphere.cpr.AtmosphereFramework   : Using BroadcasterFactory: org.atmosphere.cpr.DefaultBroadcasterFactory
2026-01-07T11:51:25.048+09:00  INFO 59651 --- [main] org.atmosphere.cpr.AtmosphereFramework   : Using AtmosphereResurceFactory: org.atmosphere.cpr.DefaultAtmosphereResourceFactory
2026-01-07T11:51:25.048+09:00  INFO 59651 --- [main] org.atmosphere.cpr.AtmosphereFramework   : Using WebSocketProcessor: org.atmosphere.websocket.DefaultWebSocketProcessor
2026-01-07T11:51:25.049+09:00  INFO 59651 --- [main] org.atmosphere.cpr.AtmosphereFramework   : Invoke AtmosphereInterceptor on WebSocket message true
2026-01-07T11:51:25.049+09:00  INFO 59651 --- [main] org.atmosphere.cpr.AtmosphereFramework   : HttpSession supported: true
2026-01-07T11:51:25.049+09:00  INFO 59651 --- [main] org.atmosphere.cpr.AtmosphereFramework   : Atmosphere is using DefaultAtmosphereObjectFactory for dependency injection and object creation
2026-01-07T11:51:25.049+09:00  INFO 59651 --- [main] org.atmosphere.cpr.AtmosphereFramework   : Atmosphere is using async support: org.atmosphere.container.JSR356AsyncSupport running under container: Apache Tomcat/10.1.30 using jakarta.servlet/3.0 and jsr356/WebSocket API
2026-01-07T11:51:25.049+09:00  INFO 59651 --- [main] org.atmosphere.cpr.AtmosphereFramework   : Atmosphere Framework 3.0.5.slf4jvaadin1 started.
2026-01-07T11:51:25.050+09:00  INFO 59651 --- [main] org.atmosphere.cpr.AtmosphereFramework   : Installed AtmosphereInterceptor  Track Message Size Interceptor using | with priority BEFORE_DEFAULT 
2026-01-07T11:51:25.061+09:00  INFO 59651 --- [main] org.atmosphere.cpr.AtmosphereFramework   : Atmosphere is using org.atmosphere.cpr.DefaultAnnotationProcessor for processing annotation
2026-01-07T11:51:25.062+09:00  INFO 59651 --- [main] o.a.cpr.DefaultAnnotationProcessor       : AnnotationProcessor class org.atmosphere.cpr.DefaultAnnotationProcessor$BytecodeBasedAnnotationProcessor being used
2026-01-07T11:51:26.764+09:00  INFO 59651 --- [main] org.atmosphere.cpr.AtmosphereFramework   : Auto detecting WebSocketHandler in /WEB-INF/classes/
2026-01-07T11:51:26.765+09:00  INFO 59651 --- [main] org.atmosphere.cpr.AtmosphereFramework   : Installed WebSocketProtocol org.atmosphere.websocket.protocol.SimpleHttpProtocol 
2026-01-07T11:51:26.765+09:00  INFO 59651 --- [main] o.a.container.JSR356AsyncSupport         : JSR 356 Mapping path /HILLA/push
2026-01-07T11:51:26.765+09:00  INFO 59651 --- [main] org.atmosphere.cpr.AtmosphereFramework   : Installing Default AtmosphereInterceptors
2026-01-07T11:51:26.765+09:00  INFO 59651 --- [main] org.atmosphere.cpr.AtmosphereFramework   : 	org.atmosphere.interceptor.CorsInterceptor : CORS Interceptor Support
2026-01-07T11:51:26.765+09:00  INFO 59651 --- [main] org.atmosphere.cpr.AtmosphereFramework   : 	org.atmosphere.interceptor.CacheHeadersInterceptor : Default Response's Headers Interceptor
2026-01-07T11:51:26.766+09:00  INFO 59651 --- [main] org.atmosphere.cpr.AtmosphereFramework   : 	org.atmosphere.interceptor.PaddingAtmosphereInterceptor : Browser Padding Interceptor Support
2026-01-07T11:51:26.766+09:00  INFO 59651 --- [main] org.atmosphere.cpr.AtmosphereFramework   : 	org.atmosphere.interceptor.AndroidAtmosphereInterceptor : Android Interceptor Support
2026-01-07T11:51:26.766+09:00  INFO 59651 --- [main] org.atmosphere.cpr.AtmosphereFramework   : 	org.atmosphere.interceptor.HeartbeatInterceptor : Heartbeat Interceptor Support
2026-01-07T11:51:26.766+09:00  INFO 59651 --- [main] org.atmosphere.cpr.AtmosphereFramework   : 	org.atmosphere.interceptor.SSEAtmosphereInterceptor : SSE Interceptor Support
2026-01-07T11:51:26.766+09:00  INFO 59651 --- [main] org.atmosphere.cpr.AtmosphereFramework   : 	org.atmosphere.interceptor.JSONPAtmosphereInterceptor : JSONP Interceptor Support
2026-01-07T11:51:26.766+09:00  INFO 59651 --- [main] org.atmosphere.cpr.AtmosphereFramework   : 	org.atmosphere.interceptor.JavaScriptProtocol : Atmosphere JavaScript Protocol
2026-01-07T11:51:26.766+09:00  INFO 59651 --- [main] org.atmosphere.cpr.AtmosphereFramework   : 	org.atmosphere.interceptor.WebSocketMessageSuspendInterceptor : org.atmosphere.interceptor.WebSocketMessageSuspendInterceptor
2026-01-07T11:51:26.766+09:00  INFO 59651 --- [main] org.atmosphere.cpr.AtmosphereFramework   : 	org.atmosphere.interceptor.OnDisconnectInterceptor : Browser disconnection detection
2026-01-07T11:51:26.766+09:00  INFO 59651 --- [main] org.atmosphere.cpr.AtmosphereFramework   : 	org.atmosphere.interceptor.IdleResourceInterceptor : org.atmosphere.interceptor.IdleResourceInterceptor
2026-01-07T11:51:26.766+09:00  INFO 59651 --- [main] org.atmosphere.cpr.AtmosphereFramework   : Set org.atmosphere.cpr.AtmosphereInterceptor.disableDefaults to disable them.
2026-01-07T11:51:26.766+09:00  INFO 59651 --- [main] org.atmosphere.cpr.AtmosphereFramework   : Installed AtmosphereInterceptor CORS Interceptor Support with priority FIRST_BEFORE_DEFAULT 
2026-01-07T11:51:26.766+09:00  INFO 59651 --- [main] org.atmosphere.cpr.AtmosphereFramework   : Installed AtmosphereInterceptor Default Response's Headers Interceptor with priority AFTER_DEFAULT 
2026-01-07T11:51:26.766+09:00  INFO 59651 --- [main] org.atmosphere.cpr.AtmosphereFramework   : Installed AtmosphereInterceptor Browser Padding Interceptor Support with priority AFTER_DEFAULT 
2026-01-07T11:51:26.766+09:00  INFO 59651 --- [main] org.atmosphere.cpr.AtmosphereFramework   : Installed AtmosphereInterceptor Android Interceptor Support with priority AFTER_DEFAULT 
2026-01-07T11:51:26.766+09:00  INFO 59651 --- [main] o.a.interceptor.HeartbeatInterceptor     : HeartbeatInterceptor configured with padding value 'X', client frequency 0 seconds and server frequency 60 seconds
2026-01-07T11:51:26.766+09:00  INFO 59651 --- [main] org.atmosphere.cpr.AtmosphereFramework   : Installed AtmosphereInterceptor Heartbeat Interceptor Support with priority AFTER_DEFAULT 
2026-01-07T11:51:26.766+09:00  INFO 59651 --- [main] org.atmosphere.cpr.AtmosphereFramework   : Installed AtmosphereInterceptor SSE Interceptor Support with priority AFTER_DEFAULT 
2026-01-07T11:51:26.766+09:00  INFO 59651 --- [main] org.atmosphere.cpr.AtmosphereFramework   : Installed AtmosphereInterceptor JSONP Interceptor Support with priority AFTER_DEFAULT 
2026-01-07T11:51:26.766+09:00  INFO 59651 --- [main] org.atmosphere.cpr.AtmosphereFramework   : Installed AtmosphereInterceptor Atmosphere JavaScript Protocol with priority AFTER_DEFAULT 
2026-01-07T11:51:26.766+09:00  INFO 59651 --- [main] org.atmosphere.cpr.AtmosphereFramework   : Installed AtmosphereInterceptor org.atmosphere.interceptor.WebSocketMessageSuspendInterceptor with priority AFTER_DEFAULT 
2026-01-07T11:51:26.766+09:00  INFO 59651 --- [main] org.atmosphere.cpr.AtmosphereFramework   : Installed AtmosphereInterceptor Browser disconnection detection with priority AFTER_DEFAULT 
2026-01-07T11:51:26.766+09:00  INFO 59651 --- [main] org.atmosphere.cpr.AtmosphereFramework   : Installed AtmosphereInterceptor org.atmosphere.interceptor.IdleResourceInterceptor with priority BEFORE_DEFAULT 
2026-01-07T11:51:26.767+09:00  INFO 59651 --- [main] org.atmosphere.cpr.AtmosphereFramework   : Using EndpointMapper class org.atmosphere.util.DefaultEndpointMapper
2026-01-07T11:51:26.767+09:00  WARN 59651 --- [main] org.atmosphere.cpr.AtmosphereFramework   : No BroadcasterCache configured. Broadcasted message between client reconnection will be LOST. It is recommended to configure the org.atmosphere.cache.UUIDBroadcasterCache
2026-01-07T11:51:26.767+09:00  INFO 59651 --- [main] org.atmosphere.cpr.AtmosphereFramework   : Default Broadcaster Class: org.atmosphere.util.SimpleBroadcaster
2026-01-07T11:51:26.767+09:00  INFO 59651 --- [main] org.atmosphere.cpr.AtmosphereFramework   : Broadcaster Shared List Resources: false
2026-01-07T11:51:26.767+09:00  INFO 59651 --- [main] org.atmosphere.cpr.AtmosphereFramework   : Broadcaster Polling Wait Time 100
2026-01-07T11:51:26.767+09:00  INFO 59651 --- [main] org.atmosphere.cpr.AtmosphereFramework   : Shared ExecutorService supported: true
2026-01-07T11:51:26.767+09:00  INFO 59651 --- [main] org.atmosphere.util.ForkJoinPool         : Using ForkJoinPool  java.util.concurrent.ForkJoinPool. Set the org.atmosphere.cpr.broadcaster.maxAsyncWriteThreads to -1 to fully use its power.
2026-01-07T11:51:26.767+09:00  INFO 59651 --- [main] org.atmosphere.cpr.AtmosphereFramework   : Messaging ExecutorService Pool Size unavailable - Not instance of ThreadPoolExecutor
2026-01-07T11:51:26.767+09:00  INFO 59651 --- [main] org.atmosphere.cpr.AtmosphereFramework   : Async I/O Thread Pool Size: 200
2026-01-07T11:51:26.767+09:00  INFO 59651 --- [main] org.atmosphere.cpr.AtmosphereFramework   : Using BroadcasterFactory: org.atmosphere.cpr.DefaultBroadcasterFactory
2026-01-07T11:51:26.767+09:00  INFO 59651 --- [main] org.atmosphere.cpr.AtmosphereFramework   : Using AtmosphereResurceFactory: org.atmosphere.cpr.DefaultAtmosphereResourceFactory
2026-01-07T11:51:26.767+09:00  INFO 59651 --- [main] org.atmosphere.cpr.AtmosphereFramework   : Using WebSocketProcessor: org.atmosphere.websocket.DefaultWebSocketProcessor
2026-01-07T11:51:26.767+09:00  INFO 59651 --- [main] org.atmosphere.cpr.AtmosphereFramework   : Invoke AtmosphereInterceptor on WebSocket message true
2026-01-07T11:51:26.767+09:00  INFO 59651 --- [main] org.atmosphere.cpr.AtmosphereFramework   : HttpSession supported: false
2026-01-07T11:51:26.767+09:00  INFO 59651 --- [main] org.atmosphere.cpr.AtmosphereFramework   : Atmosphere is using DefaultAtmosphereObjectFactory for dependency injection and object creation
2026-01-07T11:51:26.767+09:00  INFO 59651 --- [main] org.atmosphere.cpr.AtmosphereFramework   : Atmosphere is using async support: org.atmosphere.container.JSR356AsyncSupport running under container: Apache Tomcat/10.1.30 using jakarta.servlet/3.0 and jsr356/WebSocket API
2026-01-07T11:51:26.767+09:00  INFO 59651 --- [main] org.atmosphere.cpr.AtmosphereFramework   : Atmosphere Framework 3.0.5.slf4jvaadin1 started.
2026-01-07T11:51:26.774+09:00  INFO 59651 --- [main] c.v.f.s.DefaultDeploymentConfiguration   : Vaadin is running in production mode.
2026-01-07T11:51:26.784+09:00  INFO 59651 --- [main] c.vaadin.flow.spring.SpringInstantiator  : The number of beans implementing 'I18NProvider' is 0. Cannot use Spring beans for I18N, falling back to the default behavior
2026-01-07T11:51:26.802+09:00  INFO 59651 --- [main] o.s.b.w.embedded.tomcat.TomcatWebServer  : Tomcat started on port 8080 (http) with context path '/'
2026-01-07T11:51:26.806+09:00  INFO 59651 --- [main] iu.SpringBoot.Vaadin.Application         : Started Application in 3.567 seconds (process running for 3.71)
2026-01-07T11:51:29.220+09:00  INFO 59651 --- [http-nio-8080-exec-1] o.a.c.c.C.[Tomcat].[localhost].[/]       : Initializing Spring DispatcherServlet 'dispatcherServlet'
2026-01-07T11:51:29.220+09:00  INFO 59651 --- [http-nio-8080-exec-1] o.s.web.servlet.DispatcherServlet        : Initializing Servlet 'dispatcherServlet'
2026-01-07T11:51:29.221+09:00  INFO 59651 --- [http-nio-8080-exec-1] o.s.web.servlet.DispatcherServlet        : Completed initialization in 1 ms
2026-01-07T11:58:27.097+09:00  WARN 59651 --- [http-nio-8080-exec-6] c.v.f.s.c.UidlRequestHandler             : Invalid security key received from 0:0:0:0:0:0:0:1
2026-01-07T13:01:14.363+09:00  INFO 64643 --- [main] iu.SpringBoot.Vaadin.Application         : Starting Application using Java 17.0.15-internal with PID 64643 (/media/iu/STORAGE/__GitHub__/Prjct_2025_DEQACheck/build/classes/java/main started by iu in /media/iu/STORAGE/__GitHub__/Prjct_2025_DEQACheck)
2026-01-07T13:01:14.365+09:00  INFO 64643 --- [main] iu.SpringBoot.Vaadin.Application         : No active profile set, falling back to 1 default profile: "default"
2026-01-07T13:01:14.903+09:00  INFO 64643 --- [main] o.s.b.w.embedded.tomcat.TomcatWebServer  : Tomcat initialized with port 8080 (http)
2026-01-07T13:01:14.910+09:00  INFO 64643 --- [main] o.apache.catalina.core.StandardService   : Starting service [Tomcat]
2026-01-07T13:01:14.910+09:00  INFO 64643 --- [main] o.apache.catalina.core.StandardEngine    : Starting Servlet engine: [Apache Tomcat/10.1.30]
2026-01-07T13:01:14.944+09:00  INFO 64643 --- [main] o.a.c.c.C.[Tomcat].[localhost].[/]       : Initializing Spring embedded WebApplicationContext
2026-01-07T13:01:14.944+09:00  INFO 64643 --- [main] w.s.c.ServletWebServerApplicationContext : Root WebApplicationContext: initialization completed in 557 ms
2026-01-07T13:01:15.018+09:00  INFO 64643 --- [main] org.atmosphere.cpr.AtmosphereFramework   : Installed AtmosphereHandler com.vaadin.hilla.push.PushEndpoint mapped to context-path: /HILLA/push
2026-01-07T13:01:15.019+09:00  INFO 64643 --- [main] org.atmosphere.cpr.AtmosphereFramework   : Installed the following AtmosphereInterceptor mapped to AtmosphereHandler com.vaadin.hilla.push.PushEndpoint
2026-01-07T13:01:15.019+09:00  INFO 64643 --- [main] org.atmosphere.cpr.AtmosphereFramework   : 	org.atmosphere.interceptor.AtmosphereResourceLifecycleInterceptor : Atmosphere LifeCycle
2026-01-07T13:01:15.020+09:00  INFO 64643 --- [main] org.atmosphere.cpr.AtmosphereFramework   : 	org.atmosphere.client.TrackMessageSizeInterceptor :  Track Message Size Interceptor using |
2026-01-07T13:01:15.020+09:00  INFO 64643 --- [main] org.atmosphere.cpr.AtmosphereFramework   : 	org.atmosphere.interceptor.SuspendTrackerInterceptor : UUID Tracking Interceptor
2026-01-07T13:01:15.040+09:00  INFO 64643 --- [main] o.a.c.c.C.[Tomcat].[localhost].[/]       : Initializing AtmosphereFramework
2026-01-07T13:01:15.773+09:00  INFO 64643 --- [main] r$InitializeUserDetailsManagerConfigurer : Global AuthenticationManager configured with UserDetailsService bean with name userDetailsService
2026-01-07T13:01:15.974+09:00  INFO 64643 --- [main] org.atmosphere.cpr.AtmosphereFramework   : Installed AtmosphereHandler com.vaadin.flow.server.communication.PushAtmosphereHandler mapped to context-path: /*
2026-01-07T13:01:15.974+09:00  INFO 64643 --- [main] org.atmosphere.cpr.AtmosphereFramework   : Installed the following AtmosphereInterceptor mapped to AtmosphereHandler com.vaadin.flow.server.communication.PushAtmosphereHandler
2026-01-07T13:01:15.980+09:00  INFO 64643 --- [main] org.atmosphere.cpr.AtmosphereFramework   : Atmosphere is using org.atmosphere.util.VoidAnnotationProcessor for processing annotation
2026-01-07T13:01:15.981+09:00  INFO 64643 --- [main] org.atmosphere.util.ForkJoinPool         : Using ForkJoinPool  java.util.concurrent.ForkJoinPool. Set the org.atmosphere.cpr.broadcaster.maxAsyncWriteThreads to -1 to fully use its power.
2026-01-07T13:01:15.982+09:00  INFO 64643 --- [main] org.atmosphere.cpr.AtmosphereFramework   : Installed WebSocketProtocol org.atmosphere.websocket.protocol.SimpleHttpProtocol 
2026-01-07T13:01:15.984+09:00  INFO 64643 --- [main] o.a.container.JSR356AsyncSupport         : JSR 356 Mapping path /VAADIN/push
2026-01-07T13:01:15.988+09:00  INFO 64643 --- [main] org.atmosphere.cpr.AtmosphereFramework   : Installing Default AtmosphereInterceptors
2026-01-07T13:01:15.988+09:00  INFO 64643 --- [main] org.atmosphere.cpr.AtmosphereFramework   : 	org.atmosphere.interceptor.CorsInterceptor : CORS Interceptor Support
2026-01-07T13:01:15.989+09:00  INFO 64643 --- [main] org.atmosphere.cpr.AtmosphereFramework   : 	org.atmosphere.interceptor.CacheHeadersInterceptor : Default Response's Headers Interceptor
2026-01-07T13:01:15.989+09:00  INFO 64643 --- [main] org.atmosphere.cpr.AtmosphereFramework   : 	org.atmosphere.interceptor.PaddingAtmosphereInterceptor : Browser Padding Interceptor Support
2026-01-07T13:01:15.989+09:00  INFO 64643 --- [main] org.atmosphere.cpr.AtmosphereFramework   : 	org.atmosphere.interceptor.AndroidAtmosphereInterceptor : Android Interceptor Support
2026-01-07T13:01:15.989+09:00  INFO 64643 --- [main] org.atmosphere.cpr.AtmosphereFramework   : 	org.atmosphere.interceptor.HeartbeatInterceptor : Heartbeat Interceptor Support
2026-01-07T13:01:15.989+09:00  INFO 64643 --- [main] org.atmosphere.cpr.AtmosphereFramework   : 	org.atmosphere.interceptor.SSEAtmosphereInterceptor : SSE Interceptor Support
2026-01-07T13:01:15.989+09:00  INFO 64643 --- [main] org.atmosphere.cpr.AtmosphereFramework   : 	org.atmosphere.interceptor.JSONPAtmosphereInterceptor : JSONP Interceptor Support
2026-01-07T13:01:15.990+09:00  INFO 64643 --- [main] org.atmosphere.cpr.AtmosphereFramework   : 	org.atmosphere.interceptor.JavaScriptProtocol : Atmosphere JavaScript Protocol
2026-01-07T13:01:15.990+09:00  INFO 64643 --- [main] org.atmosphere.cpr.AtmosphereFramework   : 	org.atmosphere.interceptor.WebSocketMessageSuspendInterceptor : org.atmosphere.interceptor.WebSocketMessageSuspendInterceptor
2026-01-07T13:01:15.990+09:00  INFO 64643 --- [main] org.atmosphere.cpr.AtmosphereFramework   : 	org.atmosphere.interceptor.OnDisconnectInterceptor : Browser disconnection detection
2026-01-07T13:01:15.990+09:00  INFO 64643 --- [main] org.atmosphere.cpr.AtmosphereFramework   : 	org.atmosphere.interceptor.IdleResourceInterceptor : org.atmosphere.interceptor.IdleResourceInterceptor
2026-01-07T13:01:15.990+09:00  INFO 64643 --- [main] org.atmosphere.cpr.AtmosphereFramework   : Set org.atmosphere.cpr.AtmosphereInterceptor.disableDefaults to disable them.
2026-01-07T13:01:15.990+09:00  INFO 64643 --- [main] org.atmosphere.cpr.AtmosphereFramework   : Installed AtmosphereInterceptor CORS Interceptor Support with priority FIRST_BEFORE_DEFAULT 
2026-01-07T13:01:15.992+09:00  INFO 64643 --- [main] org.atmosphere.cpr.AtmosphereFramework   : Installed AtmosphereInterceptor Default Response's Headers Interceptor with priority AFTER_DEFAULT 
2026-01-07T13:01:15.992+09:00  INFO 64643 --- [main] org.atmosphere.cpr.AtmosphereFramework   : Installed AtmosphereInterceptor Browser Padding Interceptor Support with priority AFTER_DEFAULT 
2026-01-07T13:01:15.992+09:00  INFO 64643 --- [main] org.atmosphere.cpr.AtmosphereFramework   : Installed AtmosphereInterceptor Android Interceptor Support with priority AFTER_DEFAULT 
2026-01-07T13:01:15.992+09:00  INFO 64643 --- [main] o.a.interceptor.HeartbeatInterceptor     : HeartbeatInterceptor configured with padding value 'X', client frequency 0 seconds and server frequency 60 seconds
2026-01-07T13:01:15.992+09:00  INFO 64643 --- [main] org.atmosphere.cpr.AtmosphereFramework   : Installed AtmosphereInterceptor Heartbeat Interceptor Support with priority AFTER_DEFAULT 
2026-01-07T13:01:15.992+09:00  INFO 64643 --- [main] org.atmosphere.cpr.AtmosphereFramework   : Installed AtmosphereInterceptor SSE Interceptor Support with priority AFTER_DEFAULT 
2026-01-07T13:01:15.992+09:00  INFO 64643 --- [main] org.atmosphere.cpr.AtmosphereFramework   : Installed AtmosphereInterceptor JSONP Interceptor Support with priority AFTER_DEFAULT 
2026-01-07T13:01:15.992+09:00  INFO 64643 --- [main] org.atmosphere.cpr.AtmosphereFramework   : Installed AtmosphereInterceptor Atmosphere JavaScript Protocol with priority AFTER_DEFAULT 
2026-01-07T13:01:15.992+09:00  INFO 64643 --- [main] org.atmosphere.cpr.AtmosphereFramework   : Installed AtmosphereInterceptor org.atmosphere.interceptor.WebSocketMessageSuspendInterceptor with priority AFTER_DEFAULT 
2026-01-07T13:01:15.992+09:00  INFO 64643 --- [main] org.atmosphere.cpr.AtmosphereFramework   : Installed AtmosphereInterceptor Browser disconnection detection with priority AFTER_DEFAULT 
2026-01-07T13:01:15.992+09:00  INFO 64643 --- [main] org.atmosphere.cpr.AtmosphereFramework   : Installed AtmosphereInterceptor org.atmosphere.interceptor.IdleResourceInterceptor with priority BEFORE_DEFAULT 
2026-01-07T13:01:15.993+09:00  INFO 64643 --- [main] org.atmosphere.cpr.AtmosphereFramework   : Using EndpointMapper class org.atmosphere.util.DefaultEndpointMapper
2026-01-07T13:01:15.993+09:00  INFO 64643 --- [main] org.atmosphere.cpr.AtmosphereFramework   : Using BroadcasterCache: org.atmosphere.cache.UUIDBroadcasterCache
2026-01-07T13:01:15.993+09:00  INFO 64643 --- [main] org.atmosphere.cpr.AtmosphereFramework   : Default Broadcaster Class: org.atmosphere.cpr.DefaultBroadcaster
2026-01-07T13:01:15.993+09:00  INFO 64643 --- [main] org.atmosphere.cpr.AtmosphereFramework   : Broadcaster Shared List Resources: false
2026-01-07T13:01:15.993+09:00  INFO 64643 --- [main] org.atmosphere.cpr.AtmosphereFramework   : Broadcaster Polling Wait Time 100
2026-01-07T13:01:15.993+09:00  INFO 64643 --- [main] org.atmosphere.cpr.AtmosphereFramework   : Shared ExecutorService supported: true
2026-01-07T13:01:15.993+09:00  INFO 64643 --- [main] org.atmosphere.cpr.AtmosphereFramework   : Messaging ExecutorService Pool Size unavailable - Not instance of ThreadPoolExecutor
2026-01-07T13:01:15.993+09:00  INFO 64643 --- [main] org.atmosphere.cpr.AtmosphereFramework   : Async I/O Thread Pool Size: 200
2026-01-07T13:01:15.993+09:00  INFO 64643 --- [main] org.atmosphere.cpr.AtmosphereFramework   : Using BroadcasterFactory: org.atmosphere.cpr.DefaultBroadcasterFactory
2026-01-07T13:01:15.993+09:00  INFO 64643 --- [main] org.atmosphere.cpr.AtmosphereFramework   : Using AtmosphereResurceFactory: org.atmosphere.cpr.DefaultAtmosphereResourceFactory
2026-01-07T13:01:15.993+09:00  INFO 64643 --- [main] org.atmosphere.cpr.AtmosphereFramework   : Using WebSocketProcessor: org.atmosphere.websocket.DefaultWebSocketProcessor
2026-01-07T13:01:15.994+09:00  INFO 64643 --- [main] org.atmosphere.cpr.AtmosphereFramework   : Invoke AtmosphereInterceptor on WebSocket message true
2026-01-07T13:01:15.994+09:00  INFO 64643 --- [main] org.atmosphere.cpr.AtmosphereFramework   : HttpSession supported: true
2026-01-07T13:01:15.994+09:00  INFO 64643 --- [main] org.atmosphere.cpr.AtmosphereFramework   : Atmosphere is using DefaultAtmosphereObjectFactory for dependency injection and object creation
2026-01-07T13:01:15.994+09:00  INFO 64643 --- [main] org.atmosphere.cpr.AtmosphereFramework   : Atmosphere is using async support: org.atmosphere.container.JSR356AsyncSupport running under container: Apache Tomcat/10.1.30 using jakarta.servlet/3.0 and jsr356/WebSocket API
2026-01-07T13:01:15.994+09:00  INFO 64643 --- [main] org.atmosphere.cpr.AtmosphereFramework   : Atmosphere Framework 3.0.5.slf4jvaadin1 started.
2026-01-07T13:01:15.995+09:00  INFO 64643 --- [main] org.atmosphere.cpr.AtmosphereFramework   : Installed AtmosphereInterceptor  Track Message Size Interceptor using | with priority BEFORE_DEFAULT 
2026-01-07T13:01:16.006+09:00  INFO 64643 --- [main] org.atmosphere.cpr.AtmosphereFramework   : Atmosphere is using org.atmosphere.cpr.DefaultAnnotationProcessor for processing annotation
2026-01-07T13:01:16.006+09:00  INFO 64643 --- [main] o.a.cpr.DefaultAnnotationProcessor       : AnnotationProcessor class org.atmosphere.cpr.DefaultAnnotationProcessor$BytecodeBasedAnnotationProcessor being used
2026-01-07T13:01:17.671+09:00  INFO 64643 --- [main] org.atmosphere.cpr.AtmosphereFramework   : Auto detecting WebSocketHandler in /WEB-INF/classes/
2026-01-07T13:01:17.671+09:00  INFO 64643 --- [main] org.atmosphere.cpr.AtmosphereFramework   : Installed WebSocketProtocol org.atmosphere.websocket.protocol.SimpleHttpProtocol 
2026-01-07T13:01:17.671+09:00  INFO 64643 --- [main] o.a.container.JSR356AsyncSupport         : JSR 356 Mapping path /HILLA/push
2026-01-07T13:01:17.672+09:00  INFO 64643 --- [main] org.atmosphere.cpr.AtmosphereFramework   : Installing Default AtmosphereInterceptors
2026-01-07T13:01:17.672+09:00  INFO 64643 --- [main] org.atmosphere.cpr.AtmosphereFramework   : 	org.atmosphere.interceptor.CorsInterceptor : CORS Interceptor Support
2026-01-07T13:01:17.672+09:00  INFO 64643 --- [main] org.atmosphere.cpr.AtmosphereFramework   : 	org.atmosphere.interceptor.CacheHeadersInterceptor : Default Response's Headers Interceptor
2026-01-07T13:01:17.672+09:00  INFO 64643 --- [main] org.atmosphere.cpr.AtmosphereFramework   : 	org.atmosphere.interceptor.PaddingAtmosphereInterceptor : Browser Padding Interceptor Support
2026-01-07T13:01:17.672+09:00  INFO 64643 --- [main] org.atmosphere.cpr.AtmosphereFramework   : 	org.atmosphere.interceptor.AndroidAtmosphereInterceptor : Android Interceptor Support
2026-01-07T13:01:17.672+09:00  INFO 64643 --- [main] org.atmosphere.cpr.AtmosphereFramework   : 	org.atmosphere.interceptor.HeartbeatInterceptor : Heartbeat Interceptor Support
2026-01-07T13:01:17.672+09:00  INFO 64643 --- [main] org.atmosphere.cpr.AtmosphereFramework   : 	org.atmosphere.interceptor.SSEAtmosphereInterceptor : SSE Interceptor Support
2026-01-07T13:01:17.672+09:00  INFO 64643 --- [main] org.atmosphere.cpr.AtmosphereFramework   : 	org.atmosphere.interceptor.JSONPAtmosphereInterceptor : JSONP Interceptor Support
2026-01-07T13:01:17.672+09:00  INFO 64643 --- [main] org.atmosphere.cpr.AtmosphereFramework   : 	org.atmosphere.interceptor.JavaScriptProtocol : Atmosphere JavaScript Protocol
2026-01-07T13:01:17.672+09:00  INFO 64643 --- [main] org.atmosphere.cpr.AtmosphereFramework   : 	org.atmosphere.interceptor.WebSocketMessageSuspendInterceptor : org.atmosphere.interceptor.WebSocketMessageSuspendInterceptor
2026-01-07T13:01:17.672+09:00  INFO 64643 --- [main] org.atmosphere.cpr.AtmosphereFramework   : 	org.atmosphere.interceptor.OnDisconnectInterceptor : Browser disconnection detection
2026-01-07T13:01:17.672+09:00  INFO 64643 --- [main] org.atmosphere.cpr.AtmosphereFramework   : 	org.atmosphere.interceptor.IdleResourceInterceptor : org.atmosphere.interceptor.IdleResourceInterceptor
2026-01-07T13:01:17.672+09:00  INFO 64643 --- [main] org.atmosphere.cpr.AtmosphereFramework   : Set org.atmosphere.cpr.AtmosphereInterceptor.disableDefaults to disable them.
2026-01-07T13:01:17.672+09:00  INFO 64643 --- [main] org.atmosphere.cpr.AtmosphereFramework   : Installed AtmosphereInterceptor CORS Interceptor Support with priority FIRST_BEFORE_DEFAULT 
2026-01-07T13:01:17.672+09:00  INFO 64643 --- [main] org.atmosphere.cpr.AtmosphereFramework   : Installed AtmosphereInterceptor Default Response's Headers Interceptor with priority AFTER_DEFAULT 
2026-01-07T13:01:17.672+09:00  INFO 64643 --- [main] org.atmosphere.cpr.AtmosphereFramework   : Installed AtmosphereInterceptor Browser Padding Interceptor Support with priority AFTER_DEFAULT 
2026-01-07T13:01:17.672+09:00  INFO 64643 --- [main] org.atmosphere.cpr.AtmosphereFramework   : Installed AtmosphereInterceptor Android Interceptor Support with priority AFTER_DEFAULT 
2026-01-07T13:01:17.673+09:00  INFO 64643 --- [main] o.a.interceptor.HeartbeatInterceptor     : HeartbeatInterceptor configured with padding value 'X', client frequency 0 seconds and server frequency 60 seconds
2026-01-07T13:01:17.673+09:00  INFO 64643 --- [main] org.atmosphere.cpr.AtmosphereFramework   : Installed AtmosphereInterceptor Heartbeat Interceptor Support with priority AFTER_DEFAULT 
2026-01-07T13:01:17.673+09:00  INFO 64643 --- [main] org.atmosphere.cpr.AtmosphereFramework   : Installed AtmosphereInterceptor SSE Interceptor Support with priority AFTER_DEFAULT 
2026-01-07T13:01:17.673+09:00  INFO 64643 --- [main] org.atmosphere.cpr.AtmosphereFramework   : Installed AtmosphereInterceptor JSONP Interceptor Support with priority AFTER_DEFAULT 
2026-01-07T13:01:17.673+09:00  INFO 64643 --- [main] org.atmosphere.cpr.AtmosphereFramework   : Installed AtmosphereInterceptor Atmosphere JavaScript Protocol with priority AFTER_DEFAULT 
2026-01-07T13:01:17.673+09:00  INFO 64643 --- [main] org.atmosphere.cpr.AtmosphereFramework   : Installed AtmosphereInterceptor org.atmosphere.interceptor.WebSocketMessageSuspendInterceptor with priority AFTER_DEFAULT 
2026-01-07T13:01:17.673+09:00  INFO 64643 --- [main] org.atmosphere.cpr.AtmosphereFramework   : Installed AtmosphereInterceptor Browser disconnection detection with priority AFTER_DEFAULT 
2026-01-07T13:01:17.673+09:00  INFO 64643 --- [main] org.atmosphere.cpr.AtmosphereFramework   : Installed AtmosphereInterceptor org.atmosphere.interceptor.IdleResourceInterceptor with priority BEFORE_DEFAULT 
2026-01-07T13:01:17.673+09:00  INFO 64643 --- [main] org.atmosphere.cpr.AtmosphereFramework   : Using EndpointMapper class org.atmosphere.util.DefaultEndpointMapper
2026-01-07T13:01:17.673+09:00  WARN 64643 --- [main] org.atmosphere.cpr.AtmosphereFramework   : No BroadcasterCache configured. Broadcasted message between client reconnection will be LOST. It is recommended to configure the org.atmosphere.cache.UUIDBroadcasterCache
2026-01-07T13:01:17.673+09:00  INFO 64643 --- [main] org.atmosphere.cpr.AtmosphereFramework   : Default Broadcaster Class: org.atmosphere.util.SimpleBroadcaster
2026-01-07T13:01:17.674+09:00  INFO 64643 --- [main] org.atmosphere.cpr.AtmosphereFramework   : Broadcaster Shared List Resources: false
2026-01-07T13:01:17.674+09:00  INFO 64643 --- [main] org.atmosphere.cpr.AtmosphereFramework   : Broadcaster Polling Wait Time 100
2026-01-07T13:01:17.674+09:00  INFO 64643 --- [main] org.atmosphere.cpr.AtmosphereFramework   : Shared ExecutorService supported: true
2026-01-07T13:01:17.674+09:00  INFO 64643 --- [main] org.atmosphere.util.ForkJoinPool         : Using ForkJoinPool  java.util.concurrent.ForkJoinPool. Set the org.atmosphere.cpr.broadcaster.maxAsyncWriteThreads to -1 to fully use its power.
2026-01-07T13:01:17.674+09:00  INFO 64643 --- [main] org.atmosphere.cpr.AtmosphereFramework   : Messaging ExecutorService Pool Size unavailable - Not instance of ThreadPoolExecutor
2026-01-07T13:01:17.674+09:00  INFO 64643 --- [main] org.atmosphere.cpr.AtmosphereFramework   : Async I/O Thread Pool Size: 200
2026-01-07T13:01:17.674+09:00  INFO 64643 --- [main] org.atmosphere.cpr.AtmosphereFramework   : Using BroadcasterFactory: org.atmosphere.cpr.DefaultBroadcasterFactory
2026-01-07T13:01:17.674+09:00  INFO 64643 --- [main] org.atmosphere.cpr.AtmosphereFramework   : Using AtmosphereResurceFactory: org.atmosphere.cpr.DefaultAtmosphereResourceFactory
2026-01-07T13:01:17.674+09:00  INFO 64643 --- [main] org.atmosphere.cpr.AtmosphereFramework   : Using WebSocketProcessor: org.atmosphere.websocket.DefaultWebSocketProcessor
2026-01-07T13:01:17.674+09:00  INFO 64643 --- [main] org.atmosphere.cpr.AtmosphereFramework   : Invoke AtmosphereInterceptor on WebSocket message true
2026-01-07T13:01:17.674+09:00  INFO 64643 --- [main] org.atmosphere.cpr.AtmosphereFramework   : HttpSession supported: false
2026-01-07T13:01:17.674+09:00  INFO 64643 --- [main] org.atmosphere.cpr.AtmosphereFramework   : Atmosphere is using DefaultAtmosphereObjectFactory for dependency injection and object creation
2026-01-07T13:01:17.674+09:00  INFO 64643 --- [main] org.atmosphere.cpr.AtmosphereFramework   : Atmosphere is using async support: org.atmosphere.container.JSR356AsyncSupport running under container: Apache Tomcat/10.1.30 using jakarta.servlet/3.0 and jsr356/WebSocket API
2026-01-07T13:01:17.674+09:00  INFO 64643 --- [main] org.atmosphere.cpr.AtmosphereFramework   : Atmosphere Framework 3.0.5.slf4jvaadin1 started.
2026-01-07T13:01:17.680+09:00  INFO 64643 --- [main] c.v.f.s.DefaultDeploymentConfiguration   : Vaadin is running in production mode.
2026-01-07T13:01:17.690+09:00  INFO 64643 --- [main] c.vaadin.flow.spring.SpringInstantiator  : The number of beans implementing 'I18NProvider' is 0. Cannot use Spring beans for I18N, falling back to the default behavior
2026-01-07T13:01:17.706+09:00  INFO 64643 --- [main] o.s.b.w.embedded.tomcat.TomcatWebServer  : Tomcat started on port 8080 (http) with context path '/'
2026-01-07T13:01:17.711+09:00  INFO 64643 --- [main] iu.SpringBoot.Vaadin.Application         : Started Application in 3.54 seconds (process running for 3.714)
2026-01-07T13:01:44.241+09:00  INFO 64643 --- [http-nio-8080-exec-1] o.a.c.c.C.[Tomcat].[localhost].[/]       : Initializing Spring DispatcherServlet 'dispatcherServlet'
2026-01-07T13:01:44.241+09:00  INFO 64643 --- [http-nio-8080-exec-1] o.s.web.servlet.DispatcherServlet        : Initializing Servlet 'dispatcherServlet'
2026-01-07T13:01:44.242+09:00  INFO 64643 --- [http-nio-8080-exec-1] o.s.web.servlet.DispatcherServlet        : Completed initialization in 1 ms
2026-01-07T20:33:30.016+09:00  WARN 64643 --- [http-nio-8080-exec-8] c.v.f.s.c.UidlRequestHandler             : Invalid security key received from 0:0:0:0:0:0:0:1
2026-01-07T20:36:48.607+09:00  INFO 113752 --- [main] iu.SpringBoot.Vaadin.Application         : Starting Application using Java 17.0.15-internal with PID 113752 (/media/iu/STORAGE/__GitHub__/Prjct_2025_DEQACheck/build/classes/java/main started by iu in /media/iu/STORAGE/__GitHub__/Prjct_2025_DEQACheck)
2026-01-07T20:36:48.610+09:00  INFO 113752 --- [main] iu.SpringBoot.Vaadin.Application         : No active profile set, falling back to 1 default profile: "default"
2026-01-07T20:36:49.193+09:00  INFO 113752 --- [main] o.s.b.w.embedded.tomcat.TomcatWebServer  : Tomcat initialized with port 8080 (http)
2026-01-07T20:36:49.200+09:00  INFO 113752 --- [main] o.apache.catalina.core.StandardService   : Starting service [Tomcat]
2026-01-07T20:36:49.200+09:00  INFO 113752 --- [main] o.apache.catalina.core.StandardEngine    : Starting Servlet engine: [Apache Tomcat/10.1.30]
2026-01-07T20:36:49.233+09:00  INFO 113752 --- [main] o.a.c.c.C.[Tomcat].[localhost].[/]       : Initializing Spring embedded WebApplicationContext
2026-01-07T20:36:49.233+09:00  INFO 113752 --- [main] w.s.c.ServletWebServerApplicationContext : Root WebApplicationContext: initialization completed in 589 ms
2026-01-07T20:36:49.314+09:00  INFO 113752 --- [main] org.atmosphere.cpr.AtmosphereFramework   : Installed AtmosphereHandler com.vaadin.hilla.push.PushEndpoint mapped to context-path: /HILLA/push
2026-01-07T20:36:49.315+09:00  INFO 113752 --- [main] org.atmosphere.cpr.AtmosphereFramework   : Installed the following AtmosphereInterceptor mapped to AtmosphereHandler com.vaadin.hilla.push.PushEndpoint
2026-01-07T20:36:49.315+09:00  INFO 113752 --- [main] org.atmosphere.cpr.AtmosphereFramework   : 	org.atmosphere.interceptor.AtmosphereResourceLifecycleInterceptor : Atmosphere LifeCycle
2026-01-07T20:36:49.315+09:00  INFO 113752 --- [main] org.atmosphere.cpr.AtmosphereFramework   : 	org.atmosphere.client.TrackMessageSizeInterceptor :  Track Message Size Interceptor using |
2026-01-07T20:36:49.315+09:00  INFO 113752 --- [main] org.atmosphere.cpr.AtmosphereFramework   : 	org.atmosphere.interceptor.SuspendTrackerInterceptor : UUID Tracking Interceptor
2026-01-07T20:36:49.331+09:00  INFO 113752 --- [main] o.a.c.c.C.[Tomcat].[localhost].[/]       : Initializing AtmosphereFramework
2026-01-07T20:36:50.055+09:00  INFO 113752 --- [main] r$InitializeUserDetailsManagerConfigurer : Global AuthenticationManager configured with UserDetailsService bean with name userDetailsService
2026-01-07T20:36:50.264+09:00  INFO 113752 --- [main] org.atmosphere.cpr.AtmosphereFramework   : Installed AtmosphereHandler com.vaadin.flow.server.communication.PushAtmosphereHandler mapped to context-path: /*
2026-01-07T20:36:50.264+09:00  INFO 113752 --- [main] org.atmosphere.cpr.AtmosphereFramework   : Installed the following AtmosphereInterceptor mapped to AtmosphereHandler com.vaadin.flow.server.communication.PushAtmosphereHandler
2026-01-07T20:36:50.269+09:00  INFO 113752 --- [main] org.atmosphere.cpr.AtmosphereFramework   : Atmosphere is using org.atmosphere.util.VoidAnnotationProcessor for processing annotation
2026-01-07T20:36:50.270+09:00  INFO 113752 --- [main] org.atmosphere.util.ForkJoinPool         : Using ForkJoinPool  java.util.concurrent.ForkJoinPool. Set the org.atmosphere.cpr.broadcaster.maxAsyncWriteThreads to -1 to fully use its power.
2026-01-07T20:36:50.272+09:00  INFO 113752 --- [main] org.atmosphere.cpr.AtmosphereFramework   : Installed WebSocketProtocol org.atmosphere.websocket.protocol.SimpleHttpProtocol 
2026-01-07T20:36:50.273+09:00  INFO 113752 --- [main] o.a.container.JSR356AsyncSupport         : JSR 356 Mapping path /VAADIN/push
2026-01-07T20:36:50.277+09:00  INFO 113752 --- [main] org.atmosphere.cpr.AtmosphereFramework   : Installing Default AtmosphereInterceptors
2026-01-07T20:36:50.278+09:00  INFO 113752 --- [main] org.atmosphere.cpr.AtmosphereFramework   : 	org.atmosphere.interceptor.CorsInterceptor : CORS Interceptor Support
2026-01-07T20:36:50.278+09:00  INFO 113752 --- [main] org.atmosphere.cpr.AtmosphereFramework   : 	org.atmosphere.interceptor.CacheHeadersInterceptor : Default Response's Headers Interceptor
2026-01-07T20:36:50.278+09:00  INFO 113752 --- [main] org.atmosphere.cpr.AtmosphereFramework   : 	org.atmosphere.interceptor.PaddingAtmosphereInterceptor : Browser Padding Interceptor Support
2026-01-07T20:36:50.278+09:00  INFO 113752 --- [main] org.atmosphere.cpr.AtmosphereFramework   : 	org.atmosphere.interceptor.AndroidAtmosphereInterceptor : Android Interceptor Support
2026-01-07T20:36:50.278+09:00  INFO 113752 --- [main] org.atmosphere.cpr.AtmosphereFramework   : 	org.atmosphere.interceptor.HeartbeatInterceptor : Heartbeat Interceptor Support
2026-01-07T20:36:50.279+09:00  INFO 113752 --- [main] org.atmosphere.cpr.AtmosphereFramework   : 	org.atmosphere.interceptor.SSEAtmosphereInterceptor : SSE Interceptor Support
2026-01-07T20:36:50.279+09:00  INFO 113752 --- [main] org.atmosphere.cpr.AtmosphereFramework   : 	org.atmosphere.interceptor.JSONPAtmosphereInterceptor : JSONP Interceptor Support
2026-01-07T20:36:50.279+09:00  INFO 113752 --- [main] org.atmosphere.cpr.AtmosphereFramework   : 	org.atmosphere.interceptor.JavaScriptProtocol : Atmosphere JavaScript Protocol
2026-01-07T20:36:50.279+09:00  INFO 113752 --- [main] org.atmosphere.cpr.AtmosphereFramework   : 	org.atmosphere.interceptor.WebSocketMessageSuspendInterceptor : org.atmosphere.interceptor.WebSocketMessageSuspendInterceptor
2026-01-07T20:36:50.279+09:00  INFO 113752 --- [main] org.atmosphere.cpr.AtmosphereFramework   : 	org.atmosphere.interceptor.OnDisconnectInterceptor : Browser disconnection detection
2026-01-07T20:36:50.279+09:00  INFO 113752 --- [main] org.atmosphere.cpr.AtmosphereFramework   : 	org.atmosphere.interceptor.IdleResourceInterceptor : org.atmosphere.interceptor.IdleResourceInterceptor
2026-01-07T20:36:50.279+09:00  INFO 113752 --- [main] org.atmosphere.cpr.AtmosphereFramework   : Set org.atmosphere.cpr.AtmosphereInterceptor.disableDefaults to disable them.
2026-01-07T20:36:50.279+09:00  INFO 113752 --- [main] org.atmosphere.cpr.AtmosphereFramework   : Installed AtmosphereInterceptor CORS Interceptor Support with priority FIRST_BEFORE_DEFAULT 
2026-01-07T20:36:50.281+09:00  INFO 113752 --- [main] org.atmosphere.cpr.AtmosphereFramework   : Installed AtmosphereInterceptor Default Response's Headers Interceptor with priority AFTER_DEFAULT 
2026-01-07T20:36:50.281+09:00  INFO 113752 --- [main] org.atmosphere.cpr.AtmosphereFramework   : Installed AtmosphereInterceptor Browser Padding Interceptor Support with priority AFTER_DEFAULT 
2026-01-07T20:36:50.281+09:00  INFO 113752 --- [main] org.atmosphere.cpr.AtmosphereFramework   : Installed AtmosphereInterceptor Android Interceptor Support with priority AFTER_DEFAULT 
2026-01-07T20:36:50.281+09:00  INFO 113752 --- [main] o.a.interceptor.HeartbeatInterceptor     : HeartbeatInterceptor configured with padding value 'X', client frequency 0 seconds and server frequency 60 seconds
2026-01-07T20:36:50.281+09:00  INFO 113752 --- [main] org.atmosphere.cpr.AtmosphereFramework   : Installed AtmosphereInterceptor Heartbeat Interceptor Support with priority AFTER_DEFAULT 
2026-01-07T20:36:50.281+09:00  INFO 113752 --- [main] org.atmosphere.cpr.AtmosphereFramework   : Installed AtmosphereInterceptor SSE Interceptor Support with priority AFTER_DEFAULT 
2026-01-07T20:36:50.281+09:00  INFO 113752 --- [main] org.atmosphere.cpr.AtmosphereFramework   : Installed AtmosphereInterceptor JSONP Interceptor Support with priority AFTER_DEFAULT 
2026-01-07T20:36:50.281+09:00  INFO 113752 --- [main] org.atmosphere.cpr.AtmosphereFramework   : Installed AtmosphereInterceptor Atmosphere JavaScript Protocol with priority AFTER_DEFAULT 
2026-01-07T20:36:50.281+09:00  INFO 113752 --- [main] org.atmosphere.cpr.AtmosphereFramework   : Installed AtmosphereInterceptor org.atmosphere.interceptor.WebSocketMessageSuspendInterceptor with priority AFTER_DEFAULT 
2026-01-07T20:36:50.282+09:00  INFO 113752 --- [main] org.atmosphere.cpr.AtmosphereFramework   : Installed AtmosphereInterceptor Browser disconnection detection with priority AFTER_DEFAULT 
2026-01-07T20:36:50.282+09:00  INFO 113752 --- [main] org.atmosphere.cpr.AtmosphereFramework   : Installed AtmosphereInterceptor org.atmosphere.interceptor.IdleResourceInterceptor with priority BEFORE_DEFAULT 
2026-01-07T20:36:50.282+09:00  INFO 113752 --- [main] org.atmosphere.cpr.AtmosphereFramework   : Using EndpointMapper class org.atmosphere.util.DefaultEndpointMapper
2026-01-07T20:36:50.282+09:00  INFO 113752 --- [main] org.atmosphere.cpr.AtmosphereFramework   : Using BroadcasterCache: org.atmosphere.cache.UUIDBroadcasterCache
2026-01-07T20:36:50.282+09:00  INFO 113752 --- [main] org.atmosphere.cpr.AtmosphereFramework   : Default Broadcaster Class: org.atmosphere.cpr.DefaultBroadcaster
2026-01-07T20:36:50.282+09:00  INFO 113752 --- [main] org.atmosphere.cpr.AtmosphereFramework   : Broadcaster Shared List Resources: false
2026-01-07T20:36:50.282+09:00  INFO 113752 --- [main] org.atmosphere.cpr.AtmosphereFramework   : Broadcaster Polling Wait Time 100
2026-01-07T20:36:50.282+09:00  INFO 113752 --- [main] org.atmosphere.cpr.AtmosphereFramework   : Shared ExecutorService supported: true
2026-01-07T20:36:50.282+09:00  INFO 113752 --- [main] org.atmosphere.cpr.AtmosphereFramework   : Messaging ExecutorService Pool Size unavailable - Not instance of ThreadPoolExecutor
2026-01-07T20:36:50.282+09:00  INFO 113752 --- [main] org.atmosphere.cpr.AtmosphereFramework   : Async I/O Thread Pool Size: 200
2026-01-07T20:36:50.282+09:00  INFO 113752 --- [main] org.atmosphere.cpr.AtmosphereFramework   : Using BroadcasterFactory: org.atmosphere.cpr.DefaultBroadcasterFactory
2026-01-07T20:36:50.282+09:00  INFO 113752 --- [main] org.atmosphere.cpr.AtmosphereFramework   : Using AtmosphereResurceFactory: org.atmosphere.cpr.DefaultAtmosphereResourceFactory
2026-01-07T20:36:50.282+09:00  INFO 113752 --- [main] org.atmosphere.cpr.AtmosphereFramework   : Using WebSocketProcessor: org.atmosphere.websocket.DefaultWebSocketProcessor
2026-01-07T20:36:50.283+09:00  INFO 113752 --- [main] org.atmosphere.cpr.AtmosphereFramework   : Invoke AtmosphereInterceptor on WebSocket message true
2026-01-07T20:36:50.284+09:00  INFO 113752 --- [main] org.atmosphere.cpr.AtmosphereFramework   : HttpSession supported: true
2026-01-07T20:36:50.284+09:00  INFO 113752 --- [main] org.atmosphere.cpr.AtmosphereFramework   : Atmosphere is using DefaultAtmosphereObjectFactory for dependency injection and object creation
2026-01-07T20:36:50.284+09:00  INFO 113752 --- [main] org.atmosphere.cpr.AtmosphereFramework   : Atmosphere is using async support: org.atmosphere.container.JSR356AsyncSupport running under container: Apache Tomcat/10.1.30 using jakarta.servlet/3.0 and jsr356/WebSocket API
2026-01-07T20:36:50.284+09:00  INFO 113752 --- [main] org.atmosphere.cpr.AtmosphereFramework   : Atmosphere Framework 3.0.5.slf4jvaadin1 started.
2026-01-07T20:36:50.285+09:00  INFO 113752 --- [main] org.atmosphere.cpr.AtmosphereFramework   : Installed AtmosphereInterceptor  Track Message Size Interceptor using | with priority BEFORE_DEFAULT 
2026-01-07T20:36:50.296+09:00  INFO 113752 --- [main] org.atmosphere.cpr.AtmosphereFramework   : Atmosphere is using org.atmosphere.cpr.DefaultAnnotationProcessor for processing annotation
2026-01-07T20:36:50.296+09:00  INFO 113752 --- [main] o.a.cpr.DefaultAnnotationProcessor       : AnnotationProcessor class org.atmosphere.cpr.DefaultAnnotationProcessor$BytecodeBasedAnnotationProcessor being used
2026-01-07T20:36:52.031+09:00  INFO 113752 --- [main] org.atmosphere.cpr.AtmosphereFramework   : Auto detecting WebSocketHandler in /WEB-INF/classes/
2026-01-07T20:36:52.031+09:00  INFO 113752 --- [main] org.atmosphere.cpr.AtmosphereFramework   : Installed WebSocketProtocol org.atmosphere.websocket.protocol.SimpleHttpProtocol 
2026-01-07T20:36:52.031+09:00  INFO 113752 --- [main] o.a.container.JSR356AsyncSupport         : JSR 356 Mapping path /HILLA/push
2026-01-07T20:36:52.032+09:00  INFO 113752 --- [main] org.atmosphere.cpr.AtmosphereFramework   : Installing Default AtmosphereInterceptors
2026-01-07T20:36:52.032+09:00  INFO 113752 --- [main] org.atmosphere.cpr.AtmosphereFramework   : 	org.atmosphere.interceptor.CorsInterceptor : CORS Interceptor Support
2026-01-07T20:36:52.032+09:00  INFO 113752 --- [main] org.atmosphere.cpr.AtmosphereFramework   : 	org.atmosphere.interceptor.CacheHeadersInterceptor : Default Response's Headers Interceptor
2026-01-07T20:36:52.032+09:00  INFO 113752 --- [main] org.atmosphere.cpr.AtmosphereFramework   : 	org.atmosphere.interceptor.PaddingAtmosphereInterceptor : Browser Padding Interceptor Support
2026-01-07T20:36:52.032+09:00  INFO 113752 --- [main] org.atmosphere.cpr.AtmosphereFramework   : 	org.atmosphere.interceptor.AndroidAtmosphereInterceptor : Android Interceptor Support
2026-01-07T20:36:52.032+09:00  INFO 113752 --- [main] org.atmosphere.cpr.AtmosphereFramework   : 	org.atmosphere.interceptor.HeartbeatInterceptor : Heartbeat Interceptor Support
2026-01-07T20:36:52.032+09:00  INFO 113752 --- [main] org.atmosphere.cpr.AtmosphereFramework   : 	org.atmosphere.interceptor.SSEAtmosphereInterceptor : SSE Interceptor Support
2026-01-07T20:36:52.032+09:00  INFO 113752 --- [main] org.atmosphere.cpr.AtmosphereFramework   : 	org.atmosphere.interceptor.JSONPAtmosphereInterceptor : JSONP Interceptor Support
2026-01-07T20:36:52.032+09:00  INFO 113752 --- [main] org.atmosphere.cpr.AtmosphereFramework   : 	org.atmosphere.interceptor.JavaScriptProtocol : Atmosphere JavaScript Protocol
2026-01-07T20:36:52.032+09:00  INFO 113752 --- [main] org.atmosphere.cpr.AtmosphereFramework   : 	org.atmosphere.interceptor.WebSocketMessageSuspendInterceptor : org.atmosphere.interceptor.WebSocketMessageSuspendInterceptor
2026-01-07T20:36:52.032+09:00  INFO 113752 --- [main] org.atmosphere.cpr.AtmosphereFramework   : 	org.atmosphere.interceptor.OnDisconnectInterceptor : Browser disconnection detection
2026-01-07T20:36:52.032+09:00  INFO 113752 --- [main] org.atmosphere.cpr.AtmosphereFramework   : 	org.atmosphere.interceptor.IdleResourceInterceptor : org.atmosphere.interceptor.IdleResourceInterceptor
2026-01-07T20:36:52.032+09:00  INFO 113752 --- [main] org.atmosphere.cpr.AtmosphereFramework   : Set org.atmosphere.cpr.AtmosphereInterceptor.disableDefaults to disable them.
2026-01-07T20:36:52.033+09:00  INFO 113752 --- [main] org.atmosphere.cpr.AtmosphereFramework   : Installed AtmosphereInterceptor CORS Interceptor Support with priority FIRST_BEFORE_DEFAULT 
2026-01-07T20:36:52.033+09:00  INFO 113752 --- [main] org.atmosphere.cpr.AtmosphereFramework   : Installed AtmosphereInterceptor Default Response's Headers Interceptor with priority AFTER_DEFAULT 
2026-01-07T20:36:52.033+09:00  INFO 113752 --- [main] org.atmosphere.cpr.AtmosphereFramework   : Installed AtmosphereInterceptor Browser Padding Interceptor Support with priority AFTER_DEFAULT 
2026-01-07T20:36:52.033+09:00  INFO 113752 --- [main] org.atmosphere.cpr.AtmosphereFramework   : Installed AtmosphereInterceptor Android Interceptor Support with priority AFTER_DEFAULT 
2026-01-07T20:36:52.033+09:00  INFO 113752 --- [main] o.a.interceptor.HeartbeatInterceptor     : HeartbeatInterceptor configured with padding value 'X', client frequency 0 seconds and server frequency 60 seconds
2026-01-07T20:36:52.033+09:00  INFO 113752 --- [main] org.atmosphere.cpr.AtmosphereFramework   : Installed AtmosphereInterceptor Heartbeat Interceptor Support with priority AFTER_DEFAULT 
2026-01-07T20:36:52.033+09:00  INFO 113752 --- [main] org.atmosphere.cpr.AtmosphereFramework   : Installed AtmosphereInterceptor SSE Interceptor Support with priority AFTER_DEFAULT 
2026-01-07T20:36:52.033+09:00  INFO 113752 --- [main] org.atmosphere.cpr.AtmosphereFramework   : Installed AtmosphereInterceptor JSONP Interceptor Support with priority AFTER_DEFAULT 
2026-01-07T20:36:52.033+09:00  INFO 113752 --- [main] org.atmosphere.cpr.AtmosphereFramework   : Installed AtmosphereInterceptor Atmosphere JavaScript Protocol with priority AFTER_DEFAULT 
2026-01-07T20:36:52.033+09:00  INFO 113752 --- [main] org.atmosphere.cpr.AtmosphereFramework   : Installed AtmosphereInterceptor org.atmosphere.interceptor.WebSocketMessageSuspendInterceptor with priority AFTER_DEFAULT 
2026-01-07T20:36:52.033+09:00  INFO 113752 --- [main] org.atmosphere.cpr.AtmosphereFramework   : Installed AtmosphereInterceptor Browser disconnection detection with priority AFTER_DEFAULT 
2026-01-07T20:36:52.033+09:00  INFO 113752 --- [main] org.atmosphere.cpr.AtmosphereFramework   : Installed AtmosphereInterceptor org.atmosphere.interceptor.IdleResourceInterceptor with priority BEFORE_DEFAULT 
2026-01-07T20:36:52.034+09:00  INFO 113752 --- [main] org.atmosphere.cpr.AtmosphereFramework   : Using EndpointMapper class org.atmosphere.util.DefaultEndpointMapper
2026-01-07T20:36:52.034+09:00  WARN 113752 --- [main] org.atmosphere.cpr.AtmosphereFramework   : No BroadcasterCache configured. Broadcasted message between client reconnection will be LOST. It is recommended to configure the org.atmosphere.cache.UUIDBroadcasterCache
2026-01-07T20:36:52.034+09:00  INFO 113752 --- [main] org.atmosphere.cpr.AtmosphereFramework   : Default Broadcaster Class: org.atmosphere.util.SimpleBroadcaster
2026-01-07T20:36:52.034+09:00  INFO 113752 --- [main] org.atmosphere.cpr.AtmosphereFramework   : Broadcaster Shared List Resources: false
2026-01-07T20:36:52.034+09:00  INFO 113752 --- [main] org.atmosphere.cpr.AtmosphereFramework   : Broadcaster Polling Wait Time 100
2026-01-07T20:36:52.034+09:00  INFO 113752 --- [main] org.atmosphere.cpr.AtmosphereFramework   : Shared ExecutorService supported: true
2026-01-07T20:36:52.034+09:00  INFO 113752 --- [main] org.atmosphere.util.ForkJoinPool         : Using ForkJoinPool  java.util.concurrent.ForkJoinPool. Set the org.atmosphere.cpr.broadcaster.maxAsyncWriteThreads to -1 to fully use its power.
2026-01-07T20:36:52.034+09:00  INFO 113752 --- [main] org.atmosphere.cpr.AtmosphereFramework   : Messaging ExecutorService Pool Size unavailable - Not instance of ThreadPoolExecutor
2026-01-07T20:36:52.034+09:00  INFO 113752 --- [main] org.atmosphere.cpr.AtmosphereFramework   : Async I/O Thread Pool Size: 200
2026-01-07T20:36:52.034+09:00  INFO 113752 --- [main] org.atmosphere.cpr.AtmosphereFramework   : Using BroadcasterFactory: org.atmosphere.cpr.DefaultBroadcasterFactory
2026-01-07T20:36:52.034+09:00  INFO 113752 --- [main] org.atmosphere.cpr.AtmosphereFramework   : Using AtmosphereResurceFactory: org.atmosphere.cpr.DefaultAtmosphereResourceFactory
2026-01-07T20:36:52.034+09:00  INFO 113752 --- [main] org.atmosphere.cpr.AtmosphereFramework   : Using WebSocketProcessor: org.atmosphere.websocket.DefaultWebSocketProcessor
2026-01-07T20:36:52.034+09:00  INFO 113752 --- [main] org.atmosphere.cpr.AtmosphereFramework   : Invoke AtmosphereInterceptor on WebSocket message true
2026-01-07T20:36:52.034+09:00  INFO 113752 --- [main] org.atmosphere.cpr.AtmosphereFramework   : HttpSession supported: false
2026-01-07T20:36:52.034+09:00  INFO 113752 --- [main] org.atmosphere.cpr.AtmosphereFramework   : Atmosphere is using DefaultAtmosphereObjectFactory for dependency injection and object creation
2026-01-07T20:36:52.034+09:00  INFO 113752 --- [main] org.atmosphere.cpr.AtmosphereFramework   : Atmosphere is using async support: org.atmosphere.container.JSR356AsyncSupport running under container: Apache Tomcat/10.1.30 using jakarta.servlet/3.0 and jsr356/WebSocket API
2026-01-07T20:36:52.034+09:00  INFO 113752 --- [main] org.atmosphere.cpr.AtmosphereFramework   : Atmosphere Framework 3.0.5.slf4jvaadin1 started.
2026-01-07T20:36:52.041+09:00  INFO 113752 --- [main] c.v.f.s.DefaultDeploymentConfiguration   : Vaadin is running in production mode.
2026-01-07T20:36:52.051+09:00  INFO 113752 --- [main] c.vaadin.flow.spring.SpringInstantiator  : The number of beans implementing 'I18NProvider' is 0. Cannot use Spring beans for I18N, falling back to the default behavior
2026-01-07T20:36:52.068+09:00  INFO 113752 --- [main] o.s.b.w.embedded.tomcat.TomcatWebServer  : Tomcat started on port 8080 (http) with context path '/'
2026-01-07T20:36:52.072+09:00  INFO 113752 --- [main] iu.SpringBoot.Vaadin.Application         : Started Application in 3.793 seconds (process running for 4.008)
2026-01-07T20:36:53.826+09:00  INFO 113752 --- [http-nio-8080-exec-1] o.a.c.c.C.[Tomcat].[localhost].[/]       : Initializing Spring DispatcherServlet 'dispatcherServlet'
2026-01-07T20:36:53.826+09:00  INFO 113752 --- [http-nio-8080-exec-1] o.s.web.servlet.DispatcherServlet        : Initializing Servlet 'dispatcherServlet'
2026-01-07T20:36:53.827+09:00  INFO 113752 --- [http-nio-8080-exec-1] o.s.web.servlet.DispatcherServlet        : Completed initialization in 1 ms
2026-01-07T20:42:10.485+09:00  INFO 114819 --- [main] iu.SpringBoot.Vaadin.Application         : Starting Application using Java 17.0.15-internal with PID 114819 (/media/iu/STORAGE/__GitHub__/Prjct_2025_DEQACheck/build/classes/java/main started by iu in /media/iu/STORAGE/__GitHub__/Prjct_2025_DEQACheck)
2026-01-07T20:42:10.486+09:00  INFO 114819 --- [main] iu.SpringBoot.Vaadin.Application         : No active profile set, falling back to 1 default profile: "default"
2026-01-07T20:42:11.014+09:00  INFO 114819 --- [main] o.s.b.w.embedded.tomcat.TomcatWebServer  : Tomcat initialized with port 8080 (http)
2026-01-07T20:42:11.021+09:00  INFO 114819 --- [main] o.apache.catalina.core.StandardService   : Starting service [Tomcat]
2026-01-07T20:42:11.021+09:00  INFO 114819 --- [main] o.apache.catalina.core.StandardEngine    : Starting Servlet engine: [Apache Tomcat/10.1.30]
2026-01-07T20:42:11.052+09:00  INFO 114819 --- [main] o.a.c.c.C.[Tomcat].[localhost].[/]       : Initializing Spring embedded WebApplicationContext
2026-01-07T20:42:11.052+09:00  INFO 114819 --- [main] w.s.c.ServletWebServerApplicationContext : Root WebApplicationContext: initialization completed in 545 ms
2026-01-07T20:42:11.123+09:00  INFO 114819 --- [main] org.atmosphere.cpr.AtmosphereFramework   : Installed AtmosphereHandler com.vaadin.hilla.push.PushEndpoint mapped to context-path: /HILLA/push
2026-01-07T20:42:11.124+09:00  INFO 114819 --- [main] org.atmosphere.cpr.AtmosphereFramework   : Installed the following AtmosphereInterceptor mapped to AtmosphereHandler com.vaadin.hilla.push.PushEndpoint
2026-01-07T20:42:11.124+09:00  INFO 114819 --- [main] org.atmosphere.cpr.AtmosphereFramework   : 	org.atmosphere.interceptor.AtmosphereResourceLifecycleInterceptor : Atmosphere LifeCycle
2026-01-07T20:42:11.124+09:00  INFO 114819 --- [main] org.atmosphere.cpr.AtmosphereFramework   : 	org.atmosphere.client.TrackMessageSizeInterceptor :  Track Message Size Interceptor using |
2026-01-07T20:42:11.124+09:00  INFO 114819 --- [main] org.atmosphere.cpr.AtmosphereFramework   : 	org.atmosphere.interceptor.SuspendTrackerInterceptor : UUID Tracking Interceptor
2026-01-07T20:42:11.145+09:00  INFO 114819 --- [main] o.a.c.c.C.[Tomcat].[localhost].[/]       : Initializing AtmosphereFramework
2026-01-07T20:42:11.888+09:00  INFO 114819 --- [main] r$InitializeUserDetailsManagerConfigurer : Global AuthenticationManager configured with UserDetailsService bean with name userDetailsService
2026-01-07T20:42:12.101+09:00  INFO 114819 --- [main] org.atmosphere.cpr.AtmosphereFramework   : Installed AtmosphereHandler com.vaadin.flow.server.communication.PushAtmosphereHandler mapped to context-path: /*
2026-01-07T20:42:12.101+09:00  INFO 114819 --- [main] org.atmosphere.cpr.AtmosphereFramework   : Installed the following AtmosphereInterceptor mapped to AtmosphereHandler com.vaadin.flow.server.communication.PushAtmosphereHandler
2026-01-07T20:42:12.107+09:00  INFO 114819 --- [main] org.atmosphere.cpr.AtmosphereFramework   : Atmosphere is using org.atmosphere.util.VoidAnnotationProcessor for processing annotation
2026-01-07T20:42:12.108+09:00  INFO 114819 --- [main] org.atmosphere.util.ForkJoinPool         : Using ForkJoinPool  java.util.concurrent.ForkJoinPool. Set the org.atmosphere.cpr.broadcaster.maxAsyncWriteThreads to -1 to fully use its power.
2026-01-07T20:42:12.110+09:00  INFO 114819 --- [main] org.atmosphere.cpr.AtmosphereFramework   : Installed WebSocketProtocol org.atmosphere.websocket.protocol.SimpleHttpProtocol 
2026-01-07T20:42:12.111+09:00  INFO 114819 --- [main] o.a.container.JSR356AsyncSupport         : JSR 356 Mapping path /VAADIN/push
2026-01-07T20:42:12.116+09:00  INFO 114819 --- [main] org.atmosphere.cpr.AtmosphereFramework   : Installing Default AtmosphereInterceptors
2026-01-07T20:42:12.116+09:00  INFO 114819 --- [main] org.atmosphere.cpr.AtmosphereFramework   : 	org.atmosphere.interceptor.CorsInterceptor : CORS Interceptor Support
2026-01-07T20:42:12.116+09:00  INFO 114819 --- [main] org.atmosphere.cpr.AtmosphereFramework   : 	org.atmosphere.interceptor.CacheHeadersInterceptor : Default Response's Headers Interceptor
2026-01-07T20:42:12.116+09:00  INFO 114819 --- [main] org.atmosphere.cpr.AtmosphereFramework   : 	org.atmosphere.interceptor.PaddingAtmosphereInterceptor : Browser Padding Interceptor Support
2026-01-07T20:42:12.116+09:00  INFO 114819 --- [main] org.atmosphere.cpr.AtmosphereFramework   : 	org.atmosphere.interceptor.AndroidAtmosphereInterceptor : Android Interceptor Support
2026-01-07T20:42:12.117+09:00  INFO 114819 --- [main] org.atmosphere.cpr.AtmosphereFramework   : 	org.atmosphere.interceptor.HeartbeatInterceptor : Heartbeat Interceptor Support
2026-01-07T20:42:12.117+09:00  INFO 114819 --- [main] org.atmosphere.cpr.AtmosphereFramework   : 	org.atmosphere.interceptor.SSEAtmosphereInterceptor : SSE Interceptor Support
2026-01-07T20:42:12.117+09:00  INFO 114819 --- [main] org.atmosphere.cpr.AtmosphereFramework   : 	org.atmosphere.interceptor.JSONPAtmosphereInterceptor : JSONP Interceptor Support
2026-01-07T20:42:12.117+09:00  INFO 114819 --- [main] org.atmosphere.cpr.AtmosphereFramework   : 	org.atmosphere.interceptor.JavaScriptProtocol : Atmosphere JavaScript Protocol
2026-01-07T20:42:12.117+09:00  INFO 114819 --- [main] org.atmosphere.cpr.AtmosphereFramework   : 	org.atmosphere.interceptor.WebSocketMessageSuspendInterceptor : org.atmosphere.interceptor.WebSocketMessageSuspendInterceptor
2026-01-07T20:42:12.117+09:00  INFO 114819 --- [main] org.atmosphere.cpr.AtmosphereFramework   : 	org.atmosphere.interceptor.OnDisconnectInterceptor : Browser disconnection detection
2026-01-07T20:42:12.117+09:00  INFO 114819 --- [main] org.atmosphere.cpr.AtmosphereFramework   : 	org.atmosphere.interceptor.IdleResourceInterceptor : org.atmosphere.interceptor.IdleResourceInterceptor
2026-01-07T20:42:12.117+09:00  INFO 114819 --- [main] org.atmosphere.cpr.AtmosphereFramework   : Set org.atmosphere.cpr.AtmosphereInterceptor.disableDefaults to disable them.
2026-01-07T20:42:12.118+09:00  INFO 114819 --- [main] org.atmosphere.cpr.AtmosphereFramework   : Installed AtmosphereInterceptor CORS Interceptor Support with priority FIRST_BEFORE_DEFAULT 
2026-01-07T20:42:12.119+09:00  INFO 114819 --- [main] org.atmosphere.cpr.AtmosphereFramework   : Installed AtmosphereInterceptor Default Response's Headers Interceptor with priority AFTER_DEFAULT 
2026-01-07T20:42:12.119+09:00  INFO 114819 --- [main] org.atmosphere.cpr.AtmosphereFramework   : Installed AtmosphereInterceptor Browser Padding Interceptor Support with priority AFTER_DEFAULT 
2026-01-07T20:42:12.119+09:00  INFO 114819 --- [main] org.atmosphere.cpr.AtmosphereFramework   : Installed AtmosphereInterceptor Android Interceptor Support with priority AFTER_DEFAULT 
2026-01-07T20:42:12.119+09:00  INFO 114819 --- [main] o.a.interceptor.HeartbeatInterceptor     : HeartbeatInterceptor configured with padding value 'X', client frequency 0 seconds and server frequency 60 seconds
2026-01-07T20:42:12.119+09:00  INFO 114819 --- [main] org.atmosphere.cpr.AtmosphereFramework   : Installed AtmosphereInterceptor Heartbeat Interceptor Support with priority AFTER_DEFAULT 
2026-01-07T20:42:12.119+09:00  INFO 114819 --- [main] org.atmosphere.cpr.AtmosphereFramework   : Installed AtmosphereInterceptor SSE Interceptor Support with priority AFTER_DEFAULT 
2026-01-07T20:42:12.119+09:00  INFO 114819 --- [main] org.atmosphere.cpr.AtmosphereFramework   : Installed AtmosphereInterceptor JSONP Interceptor Support with priority AFTER_DEFAULT 
2026-01-07T20:42:12.119+09:00  INFO 114819 --- [main] org.atmosphere.cpr.AtmosphereFramework   : Installed AtmosphereInterceptor Atmosphere JavaScript Protocol with priority AFTER_DEFAULT 
2026-01-07T20:42:12.120+09:00  INFO 114819 --- [main] org.atmosphere.cpr.AtmosphereFramework   : Installed AtmosphereInterceptor org.atmosphere.interceptor.WebSocketMessageSuspendInterceptor with priority AFTER_DEFAULT 
2026-01-07T20:42:12.120+09:00  INFO 114819 --- [main] org.atmosphere.cpr.AtmosphereFramework   : Installed AtmosphereInterceptor Browser disconnection detection with priority AFTER_DEFAULT 
2026-01-07T20:42:12.120+09:00  INFO 114819 --- [main] org.atmosphere.cpr.AtmosphereFramework   : Installed AtmosphereInterceptor org.atmosphere.interceptor.IdleResourceInterceptor with priority BEFORE_DEFAULT 
2026-01-07T20:42:12.120+09:00  INFO 114819 --- [main] org.atmosphere.cpr.AtmosphereFramework   : Using EndpointMapper class org.atmosphere.util.DefaultEndpointMapper
2026-01-07T20:42:12.120+09:00  INFO 114819 --- [main] org.atmosphere.cpr.AtmosphereFramework   : Using BroadcasterCache: org.atmosphere.cache.UUIDBroadcasterCache
2026-01-07T20:42:12.120+09:00  INFO 114819 --- [main] org.atmosphere.cpr.AtmosphereFramework   : Default Broadcaster Class: org.atmosphere.cpr.DefaultBroadcaster
2026-01-07T20:42:12.120+09:00  INFO 114819 --- [main] org.atmosphere.cpr.AtmosphereFramework   : Broadcaster Shared List Resources: false
2026-01-07T20:42:12.120+09:00  INFO 114819 --- [main] org.atmosphere.cpr.AtmosphereFramework   : Broadcaster Polling Wait Time 100
2026-01-07T20:42:12.120+09:00  INFO 114819 --- [main] org.atmosphere.cpr.AtmosphereFramework   : Shared ExecutorService supported: true
2026-01-07T20:42:12.120+09:00  INFO 114819 --- [main] org.atmosphere.cpr.AtmosphereFramework   : Messaging ExecutorService Pool Size unavailable - Not instance of ThreadPoolExecutor
2026-01-07T20:42:12.120+09:00  INFO 114819 --- [main] org.atmosphere.cpr.AtmosphereFramework   : Async I/O Thread Pool Size: 200
2026-01-07T20:42:12.120+09:00  INFO 114819 --- [main] org.atmosphere.cpr.AtmosphereFramework   : Using BroadcasterFactory: org.atmosphere.cpr.DefaultBroadcasterFactory
2026-01-07T20:42:12.120+09:00  INFO 114819 --- [main] org.atmosphere.cpr.AtmosphereFramework   : Using AtmosphereResurceFactory: org.atmosphere.cpr.DefaultAtmosphereResourceFactory
2026-01-07T20:42:12.120+09:00  INFO 114819 --- [main] org.atmosphere.cpr.AtmosphereFramework   : Using WebSocketProcessor: org.atmosphere.websocket.DefaultWebSocketProcessor
2026-01-07T20:42:12.122+09:00  INFO 114819 --- [main] org.atmosphere.cpr.AtmosphereFramework   : Invoke AtmosphereInterceptor on WebSocket message true
2026-01-07T20:42:12.122+09:00  INFO 114819 --- [main] org.atmosphere.cpr.AtmosphereFramework   : HttpSession supported: true
2026-01-07T20:42:12.122+09:00  INFO 114819 --- [main] org.atmosphere.cpr.AtmosphereFramework   : Atmosphere is using DefaultAtmosphereObjectFactory for dependency injection and object creation
2026-01-07T20:42:12.122+09:00  INFO 114819 --- [main] org.atmosphere.cpr.AtmosphereFramework   : Atmosphere is using async support: org.atmosphere.container.JSR356AsyncSupport running under container: Apache Tomcat/10.1.30 using jakarta.servlet/3.0 and jsr356/WebSocket API
2026-01-07T20:42:12.122+09:00  INFO 114819 --- [main] org.atmosphere.cpr.AtmosphereFramework   : Atmosphere Framework 3.0.5.slf4jvaadin1 started.
2026-01-07T20:42:12.123+09:00  INFO 114819 --- [main] org.atmosphere.cpr.AtmosphereFramework   : Installed AtmosphereInterceptor  Track Message Size Interceptor using | with priority BEFORE_DEFAULT 
2026-01-07T20:42:12.135+09:00  INFO 114819 --- [main] org.atmosphere.cpr.AtmosphereFramework   : Atmosphere is using org.atmosphere.cpr.DefaultAnnotationProcessor for processing annotation
2026-01-07T20:42:12.136+09:00  INFO 114819 --- [main] o.a.cpr.DefaultAnnotationProcessor       : AnnotationProcessor class org.atmosphere.cpr.DefaultAnnotationProcessor$BytecodeBasedAnnotationProcessor being used
2026-01-07T20:42:13.882+09:00  INFO 114819 --- [main] org.atmosphere.cpr.AtmosphereFramework   : Auto detecting WebSocketHandler in /WEB-INF/classes/
2026-01-07T20:42:13.882+09:00  INFO 114819 --- [main] org.atmosphere.cpr.AtmosphereFramework   : Installed WebSocketProtocol org.atmosphere.websocket.protocol.SimpleHttpProtocol 
2026-01-07T20:42:13.882+09:00  INFO 114819 --- [main] o.a.container.JSR356AsyncSupport         : JSR 356 Mapping path /HILLA/push
2026-01-07T20:42:13.883+09:00  INFO 114819 --- [main] org.atmosphere.cpr.AtmosphereFramework   : Installing Default AtmosphereInterceptors
2026-01-07T20:42:13.883+09:00  INFO 114819 --- [main] org.atmosphere.cpr.AtmosphereFramework   : 	org.atmosphere.interceptor.CorsInterceptor : CORS Interceptor Support
2026-01-07T20:42:13.883+09:00  INFO 114819 --- [main] org.atmosphere.cpr.AtmosphereFramework   : 	org.atmosphere.interceptor.CacheHeadersInterceptor : Default Response's Headers Interceptor
2026-01-07T20:42:13.883+09:00  INFO 114819 --- [main] org.atmosphere.cpr.AtmosphereFramework   : 	org.atmosphere.interceptor.PaddingAtmosphereInterceptor : Browser Padding Interceptor Support
2026-01-07T20:42:13.883+09:00  INFO 114819 --- [main] org.atmosphere.cpr.AtmosphereFramework   : 	org.atmosphere.interceptor.AndroidAtmosphereInterceptor : Android Interceptor Support
2026-01-07T20:42:13.883+09:00  INFO 114819 --- [main] org.atmosphere.cpr.AtmosphereFramework   : 	org.atmosphere.interceptor.HeartbeatInterceptor : Heartbeat Interceptor Support
2026-01-07T20:42:13.883+09:00  INFO 114819 --- [main] org.atmosphere.cpr.AtmosphereFramework   : 	org.atmosphere.interceptor.SSEAtmosphereInterceptor : SSE Interceptor Support
2026-01-07T20:42:13.883+09:00  INFO 114819 --- [main] org.atmosphere.cpr.AtmosphereFramework   : 	org.atmosphere.interceptor.JSONPAtmosphereInterceptor : JSONP Interceptor Support
2026-01-07T20:42:13.883+09:00  INFO 114819 --- [main] org.atmosphere.cpr.AtmosphereFramework   : 	org.atmosphere.interceptor.JavaScriptProtocol : Atmosphere JavaScript Protocol
2026-01-07T20:42:13.883+09:00  INFO 114819 --- [main] org.atmosphere.cpr.AtmosphereFramework   : 	org.atmosphere.interceptor.WebSocketMessageSuspendInterceptor : org.atmosphere.interceptor.WebSocketMessageSuspendInterceptor
2026-01-07T20:42:13.883+09:00  INFO 114819 --- [main] org.atmosphere.cpr.AtmosphereFramework   : 	org.atmosphere.interceptor.OnDisconnectInterceptor : Browser disconnection detection
2026-01-07T20:42:13.883+09:00  INFO 114819 --- [main] org.atmosphere.cpr.AtmosphereFramework   : 	org.atmosphere.interceptor.IdleResourceInterceptor : org.atmosphere.interceptor.IdleResourceInterceptor
2026-01-07T20:42:13.883+09:00  INFO 114819 --- [main] org.atmosphere.cpr.AtmosphereFramework   : Set org.atmosphere.cpr.AtmosphereInterceptor.disableDefaults to disable them.
2026-01-07T20:42:13.883+09:00  INFO 114819 --- [main] org.atmosphere.cpr.AtmosphereFramework   : Installed AtmosphereInterceptor CORS Interceptor Support with priority FIRST_BEFORE_DEFAULT 
2026-01-07T20:42:13.883+09:00  INFO 114819 --- [main] org.atmosphere.cpr.AtmosphereFramework   : Installed AtmosphereInterceptor Default Response's Headers Interceptor with priority AFTER_DEFAULT 
2026-01-07T20:42:13.883+09:00  INFO 114819 --- [main] org.atmosphere.cpr.AtmosphereFramework   : Installed AtmosphereInterceptor Browser Padding Interceptor Support with priority AFTER_DEFAULT 
2026-01-07T20:42:13.883+09:00  INFO 114819 --- [main] org.atmosphere.cpr.AtmosphereFramework   : Installed AtmosphereInterceptor Android Interceptor Support with priority AFTER_DEFAULT 
2026-01-07T20:42:13.883+09:00  INFO 114819 --- [main] o.a.interceptor.HeartbeatInterceptor     : HeartbeatInterceptor configured with padding value 'X', client frequency 0 seconds and server frequency 60 seconds
2026-01-07T20:42:13.884+09:00  INFO 114819 --- [main] org.atmosphere.cpr.AtmosphereFramework   : Installed AtmosphereInterceptor Heartbeat Interceptor Support with priority AFTER_DEFAULT 
2026-01-07T20:42:13.884+09:00  INFO 114819 --- [main] org.atmosphere.cpr.AtmosphereFramework   : Installed AtmosphereInterceptor SSE Interceptor Support with priority AFTER_DEFAULT 
2026-01-07T20:42:13.884+09:00  INFO 114819 --- [main] org.atmosphere.cpr.AtmosphereFramework   : Installed AtmosphereInterceptor JSONP Interceptor Support with priority AFTER_DEFAULT 
2026-01-07T20:42:13.884+09:00  INFO 114819 --- [main] org.atmosphere.cpr.AtmosphereFramework   : Installed AtmosphereInterceptor Atmosphere JavaScript Protocol with priority AFTER_DEFAULT 
2026-01-07T20:42:13.884+09:00  INFO 114819 --- [main] org.atmosphere.cpr.AtmosphereFramework   : Installed AtmosphereInterceptor org.atmosphere.interceptor.WebSocketMessageSuspendInterceptor with priority AFTER_DEFAULT 
2026-01-07T20:42:13.884+09:00  INFO 114819 --- [main] org.atmosphere.cpr.AtmosphereFramework   : Installed AtmosphereInterceptor Browser disconnection detection with priority AFTER_DEFAULT 
2026-01-07T20:42:13.884+09:00  INFO 114819 --- [main] org.atmosphere.cpr.AtmosphereFramework   : Installed AtmosphereInterceptor org.atmosphere.interceptor.IdleResourceInterceptor with priority BEFORE_DEFAULT 
2026-01-07T20:42:13.884+09:00  INFO 114819 --- [main] org.atmosphere.cpr.AtmosphereFramework   : Using EndpointMapper class org.atmosphere.util.DefaultEndpointMapper
2026-01-07T20:42:13.884+09:00  WARN 114819 --- [main] org.atmosphere.cpr.AtmosphereFramework   : No BroadcasterCache configured. Broadcasted message between client reconnection will be LOST. It is recommended to configure the org.atmosphere.cache.UUIDBroadcasterCache
2026-01-07T20:42:13.884+09:00  INFO 114819 --- [main] org.atmosphere.cpr.AtmosphereFramework   : Default Broadcaster Class: org.atmosphere.util.SimpleBroadcaster
2026-01-07T20:42:13.884+09:00  INFO 114819 --- [main] org.atmosphere.cpr.AtmosphereFramework   : Broadcaster Shared List Resources: false
2026-01-07T20:42:13.884+09:00  INFO 114819 --- [main] org.atmosphere.cpr.AtmosphereFramework   : Broadcaster Polling Wait Time 100
2026-01-07T20:42:13.884+09:00  INFO 114819 --- [main] org.atmosphere.cpr.AtmosphereFramework   : Shared ExecutorService supported: true
2026-01-07T20:42:13.884+09:00  INFO 114819 --- [main] org.atmosphere.util.ForkJoinPool         : Using ForkJoinPool  java.util.concurrent.ForkJoinPool. Set the org.atmosphere.cpr.broadcaster.maxAsyncWriteThreads to -1 to fully use its power.
2026-01-07T20:42:13.884+09:00  INFO 114819 --- [main] org.atmosphere.cpr.AtmosphereFramework   : Messaging ExecutorService Pool Size unavailable - Not instance of ThreadPoolExecutor
2026-01-07T20:42:13.884+09:00  INFO 114819 --- [main] org.atmosphere.cpr.AtmosphereFramework   : Async I/O Thread Pool Size: 200
2026-01-07T20:42:13.884+09:00  INFO 114819 --- [main] org.atmosphere.cpr.AtmosphereFramework   : Using BroadcasterFactory: org.atmosphere.cpr.DefaultBroadcasterFactory
2026-01-07T20:42:13.885+09:00  INFO 114819 --- [main] org.atmosphere.cpr.AtmosphereFramework   : Using AtmosphereResurceFactory: org.atmosphere.cpr.DefaultAtmosphereResourceFactory
2026-01-07T20:42:13.885+09:00  INFO 114819 --- [main] org.atmosphere.cpr.AtmosphereFramework   : Using WebSocketProcessor: org.atmosphere.websocket.DefaultWebSocketProcessor
2026-01-07T20:42:13.885+09:00  INFO 114819 --- [main] org.atmosphere.cpr.AtmosphereFramework   : Invoke AtmosphereInterceptor on WebSocket message true
2026-01-07T20:42:13.885+09:00  INFO 114819 --- [main] org.atmosphere.cpr.AtmosphereFramework   : HttpSession supported: false
2026-01-07T20:42:13.885+09:00  INFO 114819 --- [main] org.atmosphere.cpr.AtmosphereFramework   : Atmosphere is using DefaultAtmosphereObjectFactory for dependency injection and object creation
2026-01-07T20:42:13.885+09:00  INFO 114819 --- [main] org.atmosphere.cpr.AtmosphereFramework   : Atmosphere is using async support: org.atmosphere.container.JSR356AsyncSupport running under container: Apache Tomcat/10.1.30 using jakarta.servlet/3.0 and jsr356/WebSocket API
2026-01-07T20:42:13.885+09:00  INFO 114819 --- [main] org.atmosphere.cpr.AtmosphereFramework   : Atmosphere Framework 3.0.5.slf4jvaadin1 started.
2026-01-07T20:42:13.893+09:00  INFO 114819 --- [main] c.v.f.s.DefaultDeploymentConfiguration   : Vaadin is running in production mode.
2026-01-07T20:42:13.905+09:00  INFO 114819 --- [main] c.vaadin.flow.spring.SpringInstantiator  : The number of beans implementing 'I18NProvider' is 0. Cannot use Spring beans for I18N, falling back to the default behavior
2026-01-07T20:42:13.924+09:00  INFO 114819 --- [main] o.s.b.w.embedded.tomcat.TomcatWebServer  : Tomcat started on port 8080 (http) with context path '/'
2026-01-07T20:42:13.928+09:00  INFO 114819 --- [main] iu.SpringBoot.Vaadin.Application         : Started Application in 3.645 seconds (process running for 3.793)
2026-01-07T20:42:14.086+09:00  INFO 114819 --- [http-nio-8080-exec-1] o.a.c.c.C.[Tomcat].[localhost].[/]       : Initializing Spring DispatcherServlet 'dispatcherServlet'
2026-01-07T20:42:14.086+09:00  INFO 114819 --- [http-nio-8080-exec-1] o.s.web.servlet.DispatcherServlet        : Initializing Servlet 'dispatcherServlet'
2026-01-07T20:42:14.087+09:00  INFO 114819 --- [http-nio-8080-exec-1] o.s.web.servlet.DispatcherServlet        : Completed initialization in 1 ms
2026-01-07T20:46:58.565+09:00  INFO 115816 --- [main] iu.SpringBoot.Vaadin.Application         : Starting Application using Java 17.0.15-internal with PID 115816 (/media/iu/STORAGE/__GitHub__/Prjct_2025_DEQACheck/build/classes/java/main started by iu in /media/iu/STORAGE/__GitHub__/Prjct_2025_DEQACheck)
2026-01-07T20:46:58.567+09:00  INFO 115816 --- [main] iu.SpringBoot.Vaadin.Application         : No active profile set, falling back to 1 default profile: "default"
2026-01-07T20:46:59.142+09:00  INFO 115816 --- [main] o.s.b.w.embedded.tomcat.TomcatWebServer  : Tomcat initialized with port 8080 (http)
2026-01-07T20:46:59.149+09:00  INFO 115816 --- [main] o.apache.catalina.core.StandardService   : Starting service [Tomcat]
2026-01-07T20:46:59.149+09:00  INFO 115816 --- [main] o.apache.catalina.core.StandardEngine    : Starting Servlet engine: [Apache Tomcat/10.1.30]
2026-01-07T20:46:59.188+09:00  INFO 115816 --- [main] o.a.c.c.C.[Tomcat].[localhost].[/]       : Initializing Spring embedded WebApplicationContext
2026-01-07T20:46:59.189+09:00  INFO 115816 --- [main] w.s.c.ServletWebServerApplicationContext : Root WebApplicationContext: initialization completed in 598 ms
2026-01-07T20:46:59.273+09:00  INFO 115816 --- [main] org.atmosphere.cpr.AtmosphereFramework   : Installed AtmosphereHandler com.vaadin.hilla.push.PushEndpoint mapped to context-path: /HILLA/push
2026-01-07T20:46:59.273+09:00  INFO 115816 --- [main] org.atmosphere.cpr.AtmosphereFramework   : Installed the following AtmosphereInterceptor mapped to AtmosphereHandler com.vaadin.hilla.push.PushEndpoint
2026-01-07T20:46:59.274+09:00  INFO 115816 --- [main] org.atmosphere.cpr.AtmosphereFramework   : 	org.atmosphere.interceptor.AtmosphereResourceLifecycleInterceptor : Atmosphere LifeCycle
2026-01-07T20:46:59.274+09:00  INFO 115816 --- [main] org.atmosphere.cpr.AtmosphereFramework   : 	org.atmosphere.client.TrackMessageSizeInterceptor :  Track Message Size Interceptor using |
2026-01-07T20:46:59.274+09:00  INFO 115816 --- [main] org.atmosphere.cpr.AtmosphereFramework   : 	org.atmosphere.interceptor.SuspendTrackerInterceptor : UUID Tracking Interceptor
2026-01-07T20:46:59.289+09:00  INFO 115816 --- [main] o.a.c.c.C.[Tomcat].[localhost].[/]       : Initializing AtmosphereFramework
2026-01-07T20:47:00.138+09:00  INFO 115816 --- [main] r$InitializeUserDetailsManagerConfigurer : Global AuthenticationManager configured with UserDetailsService bean with name userDetailsService
2026-01-07T20:47:00.386+09:00  INFO 115816 --- [main] org.atmosphere.cpr.AtmosphereFramework   : Installed AtmosphereHandler com.vaadin.flow.server.communication.PushAtmosphereHandler mapped to context-path: /*
2026-01-07T20:47:00.387+09:00  INFO 115816 --- [main] org.atmosphere.cpr.AtmosphereFramework   : Installed the following AtmosphereInterceptor mapped to AtmosphereHandler com.vaadin.flow.server.communication.PushAtmosphereHandler
2026-01-07T20:47:00.393+09:00  INFO 115816 --- [main] org.atmosphere.cpr.AtmosphereFramework   : Atmosphere is using org.atmosphere.util.VoidAnnotationProcessor for processing annotation
2026-01-07T20:47:00.394+09:00  INFO 115816 --- [main] org.atmosphere.util.ForkJoinPool         : Using ForkJoinPool  java.util.concurrent.ForkJoinPool. Set the org.atmosphere.cpr.broadcaster.maxAsyncWriteThreads to -1 to fully use its power.
2026-01-07T20:47:00.403+09:00  INFO 115816 --- [main] org.atmosphere.cpr.AtmosphereFramework   : Installed WebSocketProtocol org.atmosphere.websocket.protocol.SimpleHttpProtocol 
2026-01-07T20:47:00.404+09:00  INFO 115816 --- [main] o.a.container.JSR356AsyncSupport         : JSR 356 Mapping path /VAADIN/push
2026-01-07T20:47:00.412+09:00  INFO 115816 --- [main] org.atmosphere.cpr.AtmosphereFramework   : Installing Default AtmosphereInterceptors
2026-01-07T20:47:00.412+09:00  INFO 115816 --- [main] org.atmosphere.cpr.AtmosphereFramework   : 	org.atmosphere.interceptor.CorsInterceptor : CORS Interceptor Support
2026-01-07T20:47:00.412+09:00  INFO 115816 --- [main] org.atmosphere.cpr.AtmosphereFramework   : 	org.atmosphere.interceptor.CacheHeadersInterceptor : Default Response's Headers Interceptor
2026-01-07T20:47:00.412+09:00  INFO 115816 --- [main] org.atmosphere.cpr.AtmosphereFramework   : 	org.atmosphere.interceptor.PaddingAtmosphereInterceptor : Browser Padding Interceptor Support
2026-01-07T20:47:00.412+09:00  INFO 115816 --- [main] org.atmosphere.cpr.AtmosphereFramework   : 	org.atmosphere.interceptor.AndroidAtmosphereInterceptor : Android Interceptor Support
2026-01-07T20:47:00.413+09:00  INFO 115816 --- [main] org.atmosphere.cpr.AtmosphereFramework   : 	org.atmosphere.interceptor.HeartbeatInterceptor : Heartbeat Interceptor Support
2026-01-07T20:47:00.413+09:00  INFO 115816 --- [main] org.atmosphere.cpr.AtmosphereFramework   : 	org.atmosphere.interceptor.SSEAtmosphereInterceptor : SSE Interceptor Support
2026-01-07T20:47:00.413+09:00  INFO 115816 --- [main] org.atmosphere.cpr.AtmosphereFramework   : 	org.atmosphere.interceptor.JSONPAtmosphereInterceptor : JSONP Interceptor Support
2026-01-07T20:47:00.413+09:00  INFO 115816 --- [main] org.atmosphere.cpr.AtmosphereFramework   : 	org.atmosphere.interceptor.JavaScriptProtocol : Atmosphere JavaScript Protocol
2026-01-07T20:47:00.413+09:00  INFO 115816 --- [main] org.atmosphere.cpr.AtmosphereFramework   : 	org.atmosphere.interceptor.WebSocketMessageSuspendInterceptor : org.atmosphere.interceptor.WebSocketMessageSuspendInterceptor
2026-01-07T20:47:00.413+09:00  INFO 115816 --- [main] org.atmosphere.cpr.AtmosphereFramework   : 	org.atmosphere.interceptor.OnDisconnectInterceptor : Browser disconnection detection
2026-01-07T20:47:00.413+09:00  INFO 115816 --- [main] org.atmosphere.cpr.AtmosphereFramework   : 	org.atmosphere.interceptor.IdleResourceInterceptor : org.atmosphere.interceptor.IdleResourceInterceptor
2026-01-07T20:47:00.414+09:00  INFO 115816 --- [main] org.atmosphere.cpr.AtmosphereFramework   : Set org.atmosphere.cpr.AtmosphereInterceptor.disableDefaults to disable them.
2026-01-07T20:47:00.414+09:00  INFO 115816 --- [main] org.atmosphere.cpr.AtmosphereFramework   : Installed AtmosphereInterceptor CORS Interceptor Support with priority FIRST_BEFORE_DEFAULT 
2026-01-07T20:47:00.415+09:00  INFO 115816 --- [main] org.atmosphere.cpr.AtmosphereFramework   : Installed AtmosphereInterceptor Default Response's Headers Interceptor with priority AFTER_DEFAULT 
2026-01-07T20:47:00.416+09:00  INFO 115816 --- [main] org.atmosphere.cpr.AtmosphereFramework   : Installed AtmosphereInterceptor Browser Padding Interceptor Support with priority AFTER_DEFAULT 
2026-01-07T20:47:00.416+09:00  INFO 115816 --- [main] org.atmosphere.cpr.AtmosphereFramework   : Installed AtmosphereInterceptor Android Interceptor Support with priority AFTER_DEFAULT 
2026-01-07T20:47:00.416+09:00  INFO 115816 --- [main] o.a.interceptor.HeartbeatInterceptor     : HeartbeatInterceptor configured with padding value 'X', client frequency 0 seconds and server frequency 60 seconds
2026-01-07T20:47:00.416+09:00  INFO 115816 --- [main] org.atmosphere.cpr.AtmosphereFramework   : Installed AtmosphereInterceptor Heartbeat Interceptor Support with priority AFTER_DEFAULT 
2026-01-07T20:47:00.416+09:00  INFO 115816 --- [main] org.atmosphere.cpr.AtmosphereFramework   : Installed AtmosphereInterceptor SSE Interceptor Support with priority AFTER_DEFAULT 
2026-01-07T20:47:00.416+09:00  INFO 115816 --- [main] org.atmosphere.cpr.AtmosphereFramework   : Installed AtmosphereInterceptor JSONP Interceptor Support with priority AFTER_DEFAULT 
2026-01-07T20:47:00.416+09:00  INFO 115816 --- [main] org.atmosphere.cpr.AtmosphereFramework   : Installed AtmosphereInterceptor Atmosphere JavaScript Protocol with priority AFTER_DEFAULT 
2026-01-07T20:47:00.416+09:00  INFO 115816 --- [main] org.atmosphere.cpr.AtmosphereFramework   : Installed AtmosphereInterceptor org.atmosphere.interceptor.WebSocketMessageSuspendInterceptor with priority AFTER_DEFAULT 
2026-01-07T20:47:00.416+09:00  INFO 115816 --- [main] org.atmosphere.cpr.AtmosphereFramework   : Installed AtmosphereInterceptor Browser disconnection detection with priority AFTER_DEFAULT 
2026-01-07T20:47:00.416+09:00  INFO 115816 --- [main] org.atmosphere.cpr.AtmosphereFramework   : Installed AtmosphereInterceptor org.atmosphere.interceptor.IdleResourceInterceptor with priority BEFORE_DEFAULT 
2026-01-07T20:47:00.417+09:00  INFO 115816 --- [main] org.atmosphere.cpr.AtmosphereFramework   : Using EndpointMapper class org.atmosphere.util.DefaultEndpointMapper
2026-01-07T20:47:00.417+09:00  INFO 115816 --- [main] org.atmosphere.cpr.AtmosphereFramework   : Using BroadcasterCache: org.atmosphere.cache.UUIDBroadcasterCache
2026-01-07T20:47:00.417+09:00  INFO 115816 --- [main] org.atmosphere.cpr.AtmosphereFramework   : Default Broadcaster Class: org.atmosphere.cpr.DefaultBroadcaster
2026-01-07T20:47:00.417+09:00  INFO 115816 --- [main] org.atmosphere.cpr.AtmosphereFramework   : Broadcaster Shared List Resources: false
2026-01-07T20:47:00.417+09:00  INFO 115816 --- [main] org.atmosphere.cpr.AtmosphereFramework   : Broadcaster Polling Wait Time 100
2026-01-07T20:47:00.417+09:00  INFO 115816 --- [main] org.atmosphere.cpr.AtmosphereFramework   : Shared ExecutorService supported: true
2026-01-07T20:47:00.417+09:00  INFO 115816 --- [main] org.atmosphere.cpr.AtmosphereFramework   : Messaging ExecutorService Pool Size unavailable - Not instance of ThreadPoolExecutor
2026-01-07T20:47:00.417+09:00  INFO 115816 --- [main] org.atmosphere.cpr.AtmosphereFramework   : Async I/O Thread Pool Size: 200
2026-01-07T20:47:00.417+09:00  INFO 115816 --- [main] org.atmosphere.cpr.AtmosphereFramework   : Using BroadcasterFactory: org.atmosphere.cpr.DefaultBroadcasterFactory
2026-01-07T20:47:00.417+09:00  INFO 115816 --- [main] org.atmosphere.cpr.AtmosphereFramework   : Using AtmosphereResurceFactory: org.atmosphere.cpr.DefaultAtmosphereResourceFactory
2026-01-07T20:47:00.417+09:00  INFO 115816 --- [main] org.atmosphere.cpr.AtmosphereFramework   : Using WebSocketProcessor: org.atmosphere.websocket.DefaultWebSocketProcessor
2026-01-07T20:47:00.418+09:00  INFO 115816 --- [main] org.atmosphere.cpr.AtmosphereFramework   : Invoke AtmosphereInterceptor on WebSocket message true
2026-01-07T20:47:00.419+09:00  INFO 115816 --- [main] org.atmosphere.cpr.AtmosphereFramework   : HttpSession supported: true
2026-01-07T20:47:00.419+09:00  INFO 115816 --- [main] org.atmosphere.cpr.AtmosphereFramework   : Atmosphere is using DefaultAtmosphereObjectFactory for dependency injection and object creation
2026-01-07T20:47:00.419+09:00  INFO 115816 --- [main] org.atmosphere.cpr.AtmosphereFramework   : Atmosphere is using async support: org.atmosphere.container.JSR356AsyncSupport running under container: Apache Tomcat/10.1.30 using jakarta.servlet/3.0 and jsr356/WebSocket API
2026-01-07T20:47:00.419+09:00  INFO 115816 --- [main] org.atmosphere.cpr.AtmosphereFramework   : Atmosphere Framework 3.0.5.slf4jvaadin1 started.
2026-01-07T20:47:00.420+09:00  INFO 115816 --- [main] org.atmosphere.cpr.AtmosphereFramework   : Installed AtmosphereInterceptor  Track Message Size Interceptor using | with priority BEFORE_DEFAULT 
2026-01-07T20:47:00.431+09:00  INFO 115816 --- [main] org.atmosphere.cpr.AtmosphereFramework   : Atmosphere is using org.atmosphere.cpr.DefaultAnnotationProcessor for processing annotation
2026-01-07T20:47:00.431+09:00  INFO 115816 --- [main] o.a.cpr.DefaultAnnotationProcessor       : AnnotationProcessor class org.atmosphere.cpr.DefaultAnnotationProcessor$BytecodeBasedAnnotationProcessor being used
2026-01-07T20:47:01.755+09:00  INFO 115816 --- [http-nio-8080-exec-1] o.a.c.c.C.[Tomcat].[localhost].[/]       : Initializing Spring DispatcherServlet 'dispatcherServlet'
2026-01-07T20:47:01.755+09:00  INFO 115816 --- [http-nio-8080-exec-1] o.s.web.servlet.DispatcherServlet        : Initializing Servlet 'dispatcherServlet'
2026-01-07T20:47:01.756+09:00  INFO 115816 --- [http-nio-8080-exec-1] o.s.web.servlet.DispatcherServlet        : Completed initialization in 1 ms
2026-01-07T20:47:01.808+09:00  INFO 115816 --- [http-nio-8080-exec-2] c.v.f.s.DefaultDeploymentConfiguration   : Vaadin is running in production mode.
2026-01-07T20:47:01.820+09:00  INFO 115816 --- [http-nio-8080-exec-2] c.vaadin.flow.spring.SpringInstantiator  : The number of beans implementing 'I18NProvider' is 0. Cannot use Spring beans for I18N, falling back to the default behavior
2026-01-07T20:47:02.309+09:00  INFO 115816 --- [main] org.atmosphere.cpr.AtmosphereFramework   : Auto detecting WebSocketHandler in /WEB-INF/classes/
2026-01-07T20:47:02.309+09:00  INFO 115816 --- [main] org.atmosphere.cpr.AtmosphereFramework   : Installed WebSocketProtocol org.atmosphere.websocket.protocol.SimpleHttpProtocol 
2026-01-07T20:47:02.309+09:00  INFO 115816 --- [main] o.a.container.JSR356AsyncSupport         : JSR 356 Mapping path /HILLA/push
2026-01-07T20:47:02.310+09:00  INFO 115816 --- [main] org.atmosphere.cpr.AtmosphereFramework   : Installing Default AtmosphereInterceptors
2026-01-07T20:47:02.310+09:00  INFO 115816 --- [main] org.atmosphere.cpr.AtmosphereFramework   : 	org.atmosphere.interceptor.CorsInterceptor : CORS Interceptor Support
2026-01-07T20:47:02.310+09:00  INFO 115816 --- [main] org.atmosphere.cpr.AtmosphereFramework   : 	org.atmosphere.interceptor.CacheHeadersInterceptor : Default Response's Headers Interceptor
2026-01-07T20:47:02.310+09:00  INFO 115816 --- [main] org.atmosphere.cpr.AtmosphereFramework   : 	org.atmosphere.interceptor.PaddingAtmosphereInterceptor : Browser Padding Interceptor Support
2026-01-07T20:47:02.310+09:00  INFO 115816 --- [main] org.atmosphere.cpr.AtmosphereFramework   : 	org.atmosphere.interceptor.AndroidAtmosphereInterceptor : Android Interceptor Support
2026-01-07T20:47:02.310+09:00  INFO 115816 --- [main] org.atmosphere.cpr.AtmosphereFramework   : 	org.atmosphere.interceptor.HeartbeatInterceptor : Heartbeat Interceptor Support
2026-01-07T20:47:02.310+09:00  INFO 115816 --- [main] org.atmosphere.cpr.AtmosphereFramework   : 	org.atmosphere.interceptor.SSEAtmosphereInterceptor : SSE Interceptor Support
2026-01-07T20:47:02.310+09:00  INFO 115816 --- [main] org.atmosphere.cpr.AtmosphereFramework   : 	org.atmosphere.interceptor.JSONPAtmosphereInterceptor : JSONP Interceptor Support
2026-01-07T20:47:02.310+09:00  INFO 115816 --- [main] org.atmosphere.cpr.AtmosphereFramework   : 	org.atmosphere.interceptor.JavaScriptProtocol : Atmosphere JavaScript Protocol
2026-01-07T20:47:02.310+09:00  INFO 115816 --- [main] org.atmosphere.cpr.AtmosphereFramework   : 	org.atmosphere.interceptor.WebSocketMessageSuspendInterceptor : org.atmosphere.interceptor.WebSocketMessageSuspendInterceptor
2026-01-07T20:47:02.310+09:00  INFO 115816 --- [main] org.atmosphere.cpr.AtmosphereFramework   : 	org.atmosphere.interceptor.OnDisconnectInterceptor : Browser disconnection detection
2026-01-07T20:47:02.310+09:00  INFO 115816 --- [main] org.atmosphere.cpr.AtmosphereFramework   : 	org.atmosphere.interceptor.IdleResourceInterceptor : org.atmosphere.interceptor.IdleResourceInterceptor
2026-01-07T20:47:02.310+09:00  INFO 115816 --- [main] org.atmosphere.cpr.AtmosphereFramework   : Set org.atmosphere.cpr.AtmosphereInterceptor.disableDefaults to disable them.
2026-01-07T20:47:02.310+09:00  INFO 115816 --- [main] org.atmosphere.cpr.AtmosphereFramework   : Installed AtmosphereInterceptor CORS Interceptor Support with priority FIRST_BEFORE_DEFAULT 
2026-01-07T20:47:02.310+09:00  INFO 115816 --- [main] org.atmosphere.cpr.AtmosphereFramework   : Installed AtmosphereInterceptor Default Response's Headers Interceptor with priority AFTER_DEFAULT 
2026-01-07T20:47:02.310+09:00  INFO 115816 --- [main] org.atmosphere.cpr.AtmosphereFramework   : Installed AtmosphereInterceptor Browser Padding Interceptor Support with priority AFTER_DEFAULT 
2026-01-07T20:47:02.310+09:00  INFO 115816 --- [main] org.atmosphere.cpr.AtmosphereFramework   : Installed AtmosphereInterceptor Android Interceptor Support with priority AFTER_DEFAULT 
2026-01-07T20:47:02.310+09:00  INFO 115816 --- [main] o.a.interceptor.HeartbeatInterceptor     : HeartbeatInterceptor configured with padding value 'X', client frequency 0 seconds and server frequency 60 seconds
2026-01-07T20:47:02.310+09:00  INFO 115816 --- [main] org.atmosphere.cpr.AtmosphereFramework   : Installed AtmosphereInterceptor Heartbeat Interceptor Support with priority AFTER_DEFAULT 
2026-01-07T20:47:02.310+09:00  INFO 115816 --- [main] org.atmosphere.cpr.AtmosphereFramework   : Installed AtmosphereInterceptor SSE Interceptor Support with priority AFTER_DEFAULT 
2026-01-07T20:47:02.310+09:00  INFO 115816 --- [main] org.atmosphere.cpr.AtmosphereFramework   : Installed AtmosphereInterceptor JSONP Interceptor Support with priority AFTER_DEFAULT 
2026-01-07T20:47:02.310+09:00  INFO 115816 --- [main] org.atmosphere.cpr.AtmosphereFramework   : Installed AtmosphereInterceptor Atmosphere JavaScript Protocol with priority AFTER_DEFAULT 
2026-01-07T20:47:02.311+09:00  INFO 115816 --- [main] org.atmosphere.cpr.AtmosphereFramework   : Installed AtmosphereInterceptor org.atmosphere.interceptor.WebSocketMessageSuspendInterceptor with priority AFTER_DEFAULT 
2026-01-07T20:47:02.311+09:00  INFO 115816 --- [main] org.atmosphere.cpr.AtmosphereFramework   : Installed AtmosphereInterceptor Browser disconnection detection with priority AFTER_DEFAULT 
2026-01-07T20:47:02.311+09:00  INFO 115816 --- [main] org.atmosphere.cpr.AtmosphereFramework   : Installed AtmosphereInterceptor org.atmosphere.interceptor.IdleResourceInterceptor with priority BEFORE_DEFAULT 
2026-01-07T20:47:02.311+09:00  INFO 115816 --- [main] org.atmosphere.cpr.AtmosphereFramework   : Using EndpointMapper class org.atmosphere.util.DefaultEndpointMapper
2026-01-07T20:47:02.311+09:00  WARN 115816 --- [main] org.atmosphere.cpr.AtmosphereFramework   : No BroadcasterCache configured. Broadcasted message between client reconnection will be LOST. It is recommended to configure the org.atmosphere.cache.UUIDBroadcasterCache
2026-01-07T20:47:02.311+09:00  INFO 115816 --- [main] org.atmosphere.cpr.AtmosphereFramework   : Default Broadcaster Class: org.atmosphere.util.SimpleBroadcaster
2026-01-07T20:47:02.311+09:00  INFO 115816 --- [main] org.atmosphere.cpr.AtmosphereFramework   : Broadcaster Shared List Resources: false
2026-01-07T20:47:02.311+09:00  INFO 115816 --- [main] org.atmosphere.cpr.AtmosphereFramework   : Broadcaster Polling Wait Time 100
2026-01-07T20:47:02.311+09:00  INFO 115816 --- [main] org.atmosphere.cpr.AtmosphereFramework   : Shared ExecutorService supported: true
2026-01-07T20:47:02.312+09:00  INFO 115816 --- [main] org.atmosphere.util.ForkJoinPool         : Using ForkJoinPool  java.util.concurrent.ForkJoinPool. Set the org.atmosphere.cpr.broadcaster.maxAsyncWriteThreads to -1 to fully use its power.
2026-01-07T20:47:02.312+09:00  INFO 115816 --- [main] org.atmosphere.cpr.AtmosphereFramework   : Messaging ExecutorService Pool Size unavailable - Not instance of ThreadPoolExecutor
2026-01-07T20:47:02.312+09:00  INFO 115816 --- [main] org.atmosphere.cpr.AtmosphereFramework   : Async I/O Thread Pool Size: 200
2026-01-07T20:47:02.312+09:00  INFO 115816 --- [main] org.atmosphere.cpr.AtmosphereFramework   : Using BroadcasterFactory: org.atmosphere.cpr.DefaultBroadcasterFactory
2026-01-07T20:47:02.312+09:00  INFO 115816 --- [main] org.atmosphere.cpr.AtmosphereFramework   : Using AtmosphereResurceFactory: org.atmosphere.cpr.DefaultAtmosphereResourceFactory
2026-01-07T20:47:02.312+09:00  INFO 115816 --- [main] org.atmosphere.cpr.AtmosphereFramework   : Using WebSocketProcessor: org.atmosphere.websocket.DefaultWebSocketProcessor
2026-01-07T20:47:02.312+09:00  INFO 115816 --- [main] org.atmosphere.cpr.AtmosphereFramework   : Invoke AtmosphereInterceptor on WebSocket message true
2026-01-07T20:47:02.312+09:00  INFO 115816 --- [main] org.atmosphere.cpr.AtmosphereFramework   : HttpSession supported: false
2026-01-07T20:47:02.312+09:00  INFO 115816 --- [main] org.atmosphere.cpr.AtmosphereFramework   : Atmosphere is using DefaultAtmosphereObjectFactory for dependency injection and object creation
2026-01-07T20:47:02.312+09:00  INFO 115816 --- [main] org.atmosphere.cpr.AtmosphereFramework   : Atmosphere is using async support: org.atmosphere.container.JSR356AsyncSupport running under container: Apache Tomcat/10.1.30 using jakarta.servlet/3.0 and jsr356/WebSocket API
2026-01-07T20:47:02.312+09:00  INFO 115816 --- [main] org.atmosphere.cpr.AtmosphereFramework   : Atmosphere Framework 3.0.5.slf4jvaadin1 started.
2026-01-07T20:47:02.313+09:00  INFO 115816 --- [main] o.s.b.w.embedded.tomcat.TomcatWebServer  : Tomcat started on port 8080 (http) with context path '/'
2026-01-07T20:47:02.318+09:00  INFO 115816 --- [main] iu.SpringBoot.Vaadin.Application         : Started Application in 3.99 seconds (process running for 4.164)
2026-01-07T20:52:19.882+09:00  INFO 116892 --- [main] iu.SpringBoot.Vaadin.Application         : Starting Application using Java 17.0.15-internal with PID 116892 (/media/iu/STORAGE/__GitHub__/Prjct_2025_DEQACheck/build/classes/java/main started by iu in /media/iu/STORAGE/__GitHub__/Prjct_2025_DEQACheck)
2026-01-07T20:52:19.883+09:00  INFO 116892 --- [main] iu.SpringBoot.Vaadin.Application         : No active profile set, falling back to 1 default profile: "default"
2026-01-07T20:52:20.436+09:00  INFO 116892 --- [main] o.s.b.w.embedded.tomcat.TomcatWebServer  : Tomcat initialized with port 8080 (http)
2026-01-07T20:52:20.443+09:00  INFO 116892 --- [main] o.apache.catalina.core.StandardService   : Starting service [Tomcat]
2026-01-07T20:52:20.443+09:00  INFO 116892 --- [main] o.apache.catalina.core.StandardEngine    : Starting Servlet engine: [Apache Tomcat/10.1.30]
2026-01-07T20:52:20.476+09:00  INFO 116892 --- [main] o.a.c.c.C.[Tomcat].[localhost].[/]       : Initializing Spring embedded WebApplicationContext
2026-01-07T20:52:20.477+09:00  INFO 116892 --- [main] w.s.c.ServletWebServerApplicationContext : Root WebApplicationContext: initialization completed in 571 ms
2026-01-07T20:52:20.558+09:00  INFO 116892 --- [main] org.atmosphere.cpr.AtmosphereFramework   : Installed AtmosphereHandler com.vaadin.hilla.push.PushEndpoint mapped to context-path: /HILLA/push
2026-01-07T20:52:20.558+09:00  INFO 116892 --- [main] org.atmosphere.cpr.AtmosphereFramework   : Installed the following AtmosphereInterceptor mapped to AtmosphereHandler com.vaadin.hilla.push.PushEndpoint
2026-01-07T20:52:20.558+09:00  INFO 116892 --- [main] org.atmosphere.cpr.AtmosphereFramework   : 	org.atmosphere.interceptor.AtmosphereResourceLifecycleInterceptor : Atmosphere LifeCycle
2026-01-07T20:52:20.558+09:00  INFO 116892 --- [main] org.atmosphere.cpr.AtmosphereFramework   : 	org.atmosphere.client.TrackMessageSizeInterceptor :  Track Message Size Interceptor using |
2026-01-07T20:52:20.558+09:00  INFO 116892 --- [main] org.atmosphere.cpr.AtmosphereFramework   : 	org.atmosphere.interceptor.SuspendTrackerInterceptor : UUID Tracking Interceptor
2026-01-07T20:52:20.573+09:00  INFO 116892 --- [main] o.a.c.c.C.[Tomcat].[localhost].[/]       : Initializing AtmosphereFramework
2026-01-07T20:52:21.310+09:00  INFO 116892 --- [main] r$InitializeUserDetailsManagerConfigurer : Global AuthenticationManager configured with UserDetailsService bean with name userDetailsService
2026-01-07T20:52:21.561+09:00  INFO 116892 --- [main] org.atmosphere.cpr.AtmosphereFramework   : Installed AtmosphereHandler com.vaadin.flow.server.communication.PushAtmosphereHandler mapped to context-path: /*
2026-01-07T20:52:21.561+09:00  INFO 116892 --- [main] org.atmosphere.cpr.AtmosphereFramework   : Installed the following AtmosphereInterceptor mapped to AtmosphereHandler com.vaadin.flow.server.communication.PushAtmosphereHandler
2026-01-07T20:52:21.567+09:00  INFO 116892 --- [main] org.atmosphere.cpr.AtmosphereFramework   : Atmosphere is using org.atmosphere.util.VoidAnnotationProcessor for processing annotation
2026-01-07T20:52:21.569+09:00  INFO 116892 --- [main] org.atmosphere.util.ForkJoinPool         : Using ForkJoinPool  java.util.concurrent.ForkJoinPool. Set the org.atmosphere.cpr.broadcaster.maxAsyncWriteThreads to -1 to fully use its power.
2026-01-07T20:52:21.570+09:00  INFO 116892 --- [main] org.atmosphere.cpr.AtmosphereFramework   : Installed WebSocketProtocol org.atmosphere.websocket.protocol.SimpleHttpProtocol 
2026-01-07T20:52:21.571+09:00  INFO 116892 --- [main] o.a.container.JSR356AsyncSupport         : JSR 356 Mapping path /VAADIN/push
2026-01-07T20:52:21.577+09:00  INFO 116892 --- [main] org.atmosphere.cpr.AtmosphereFramework   : Installing Default AtmosphereInterceptors
2026-01-07T20:52:21.577+09:00  INFO 116892 --- [main] org.atmosphere.cpr.AtmosphereFramework   : 	org.atmosphere.interceptor.CorsInterceptor : CORS Interceptor Support
2026-01-07T20:52:21.577+09:00  INFO 116892 --- [main] org.atmosphere.cpr.AtmosphereFramework   : 	org.atmosphere.interceptor.CacheHeadersInterceptor : Default Response's Headers Interceptor
2026-01-07T20:52:21.577+09:00  INFO 116892 --- [main] org.atmosphere.cpr.AtmosphereFramework   : 	org.atmosphere.interceptor.PaddingAtmosphereInterceptor : Browser Padding Interceptor Support
2026-01-07T20:52:21.577+09:00  INFO 116892 --- [main] org.atmosphere.cpr.AtmosphereFramework   : 	org.atmosphere.interceptor.AndroidAtmosphereInterceptor : Android Interceptor Support
2026-01-07T20:52:21.577+09:00  INFO 116892 --- [main] org.atmosphere.cpr.AtmosphereFramework   : 	org.atmosphere.interceptor.HeartbeatInterceptor : Heartbeat Interceptor Support
2026-01-07T20:52:21.578+09:00  INFO 116892 --- [main] org.atmosphere.cpr.AtmosphereFramework   : 	org.atmosphere.interceptor.SSEAtmosphereInterceptor : SSE Interceptor Support
2026-01-07T20:52:21.578+09:00  INFO 116892 --- [main] org.atmosphere.cpr.AtmosphereFramework   : 	org.atmosphere.interceptor.JSONPAtmosphereInterceptor : JSONP Interceptor Support
2026-01-07T20:52:21.578+09:00  INFO 116892 --- [main] org.atmosphere.cpr.AtmosphereFramework   : 	org.atmosphere.interceptor.JavaScriptProtocol : Atmosphere JavaScript Protocol
2026-01-07T20:52:21.578+09:00  INFO 116892 --- [main] org.atmosphere.cpr.AtmosphereFramework   : 	org.atmosphere.interceptor.WebSocketMessageSuspendInterceptor : org.atmosphere.interceptor.WebSocketMessageSuspendInterceptor
2026-01-07T20:52:21.578+09:00  INFO 116892 --- [main] org.atmosphere.cpr.AtmosphereFramework   : 	org.atmosphere.interceptor.OnDisconnectInterceptor : Browser disconnection detection
2026-01-07T20:52:21.578+09:00  INFO 116892 --- [main] org.atmosphere.cpr.AtmosphereFramework   : 	org.atmosphere.interceptor.IdleResourceInterceptor : org.atmosphere.interceptor.IdleResourceInterceptor
2026-01-07T20:52:21.579+09:00  INFO 116892 --- [main] org.atmosphere.cpr.AtmosphereFramework   : Set org.atmosphere.cpr.AtmosphereInterceptor.disableDefaults to disable them.
2026-01-07T20:52:21.579+09:00  INFO 116892 --- [main] org.atmosphere.cpr.AtmosphereFramework   : Installed AtmosphereInterceptor CORS Interceptor Support with priority FIRST_BEFORE_DEFAULT 
2026-01-07T20:52:21.580+09:00  INFO 116892 --- [main] org.atmosphere.cpr.AtmosphereFramework   : Installed AtmosphereInterceptor Default Response's Headers Interceptor with priority AFTER_DEFAULT 
2026-01-07T20:52:21.581+09:00  INFO 116892 --- [main] org.atmosphere.cpr.AtmosphereFramework   : Installed AtmosphereInterceptor Browser Padding Interceptor Support with priority AFTER_DEFAULT 
2026-01-07T20:52:21.581+09:00  INFO 116892 --- [main] org.atmosphere.cpr.AtmosphereFramework   : Installed AtmosphereInterceptor Android Interceptor Support with priority AFTER_DEFAULT 
2026-01-07T20:52:21.581+09:00  INFO 116892 --- [main] o.a.interceptor.HeartbeatInterceptor     : HeartbeatInterceptor configured with padding value 'X', client frequency 0 seconds and server frequency 60 seconds
2026-01-07T20:52:21.581+09:00  INFO 116892 --- [main] org.atmosphere.cpr.AtmosphereFramework   : Installed AtmosphereInterceptor Heartbeat Interceptor Support with priority AFTER_DEFAULT 
2026-01-07T20:52:21.581+09:00  INFO 116892 --- [main] org.atmosphere.cpr.AtmosphereFramework   : Installed AtmosphereInterceptor SSE Interceptor Support with priority AFTER_DEFAULT 
2026-01-07T20:52:21.581+09:00  INFO 116892 --- [main] org.atmosphere.cpr.AtmosphereFramework   : Installed AtmosphereInterceptor JSONP Interceptor Support with priority AFTER_DEFAULT 
2026-01-07T20:52:21.581+09:00  INFO 116892 --- [main] org.atmosphere.cpr.AtmosphereFramework   : Installed AtmosphereInterceptor Atmosphere JavaScript Protocol with priority AFTER_DEFAULT 
2026-01-07T20:52:21.581+09:00  INFO 116892 --- [main] org.atmosphere.cpr.AtmosphereFramework   : Installed AtmosphereInterceptor org.atmosphere.interceptor.WebSocketMessageSuspendInterceptor with priority AFTER_DEFAULT 
2026-01-07T20:52:21.581+09:00  INFO 116892 --- [main] org.atmosphere.cpr.AtmosphereFramework   : Installed AtmosphereInterceptor Browser disconnection detection with priority AFTER_DEFAULT 
2026-01-07T20:52:21.581+09:00  INFO 116892 --- [main] org.atmosphere.cpr.AtmosphereFramework   : Installed AtmosphereInterceptor org.atmosphere.interceptor.IdleResourceInterceptor with priority BEFORE_DEFAULT 
2026-01-07T20:52:21.581+09:00  INFO 116892 --- [main] org.atmosphere.cpr.AtmosphereFramework   : Using EndpointMapper class org.atmosphere.util.DefaultEndpointMapper
2026-01-07T20:52:21.581+09:00  INFO 116892 --- [main] org.atmosphere.cpr.AtmosphereFramework   : Using BroadcasterCache: org.atmosphere.cache.UUIDBroadcasterCache
2026-01-07T20:52:21.582+09:00  INFO 116892 --- [main] org.atmosphere.cpr.AtmosphereFramework   : Default Broadcaster Class: org.atmosphere.cpr.DefaultBroadcaster
2026-01-07T20:52:21.582+09:00  INFO 116892 --- [main] org.atmosphere.cpr.AtmosphereFramework   : Broadcaster Shared List Resources: false
2026-01-07T20:52:21.582+09:00  INFO 116892 --- [main] org.atmosphere.cpr.AtmosphereFramework   : Broadcaster Polling Wait Time 100
2026-01-07T20:52:21.582+09:00  INFO 116892 --- [main] org.atmosphere.cpr.AtmosphereFramework   : Shared ExecutorService supported: true
2026-01-07T20:52:21.582+09:00  INFO 116892 --- [main] org.atmosphere.cpr.AtmosphereFramework   : Messaging ExecutorService Pool Size unavailable - Not instance of ThreadPoolExecutor
2026-01-07T20:52:21.582+09:00  INFO 116892 --- [main] org.atmosphere.cpr.AtmosphereFramework   : Async I/O Thread Pool Size: 200
2026-01-07T20:52:21.582+09:00  INFO 116892 --- [main] org.atmosphere.cpr.AtmosphereFramework   : Using BroadcasterFactory: org.atmosphere.cpr.DefaultBroadcasterFactory
2026-01-07T20:52:21.582+09:00  INFO 116892 --- [main] org.atmosphere.cpr.AtmosphereFramework   : Using AtmosphereResurceFactory: org.atmosphere.cpr.DefaultAtmosphereResourceFactory
2026-01-07T20:52:21.582+09:00  INFO 116892 --- [main] org.atmosphere.cpr.AtmosphereFramework   : Using WebSocketProcessor: org.atmosphere.websocket.DefaultWebSocketProcessor
2026-01-07T20:52:21.584+09:00  INFO 116892 --- [main] org.atmosphere.cpr.AtmosphereFramework   : Invoke AtmosphereInterceptor on WebSocket message true
2026-01-07T20:52:21.584+09:00  INFO 116892 --- [main] org.atmosphere.cpr.AtmosphereFramework   : HttpSession supported: true
2026-01-07T20:52:21.584+09:00  INFO 116892 --- [main] org.atmosphere.cpr.AtmosphereFramework   : Atmosphere is using DefaultAtmosphereObjectFactory for dependency injection and object creation
2026-01-07T20:52:21.584+09:00  INFO 116892 --- [main] org.atmosphere.cpr.AtmosphereFramework   : Atmosphere is using async support: org.atmosphere.container.JSR356AsyncSupport running under container: Apache Tomcat/10.1.30 using jakarta.servlet/3.0 and jsr356/WebSocket API
2026-01-07T20:52:21.584+09:00  INFO 116892 --- [main] org.atmosphere.cpr.AtmosphereFramework   : Atmosphere Framework 3.0.5.slf4jvaadin1 started.
2026-01-07T20:52:21.585+09:00  INFO 116892 --- [main] org.atmosphere.cpr.AtmosphereFramework   : Installed AtmosphereInterceptor  Track Message Size Interceptor using | with priority BEFORE_DEFAULT 
2026-01-07T20:52:21.596+09:00  INFO 116892 --- [main] org.atmosphere.cpr.AtmosphereFramework   : Atmosphere is using org.atmosphere.cpr.DefaultAnnotationProcessor for processing annotation
2026-01-07T20:52:21.597+09:00  INFO 116892 --- [main] o.a.cpr.DefaultAnnotationProcessor       : AnnotationProcessor class org.atmosphere.cpr.DefaultAnnotationProcessor$BytecodeBasedAnnotationProcessor being used
2026-01-07T20:52:23.557+09:00  INFO 116892 --- [main] org.atmosphere.cpr.AtmosphereFramework   : Auto detecting WebSocketHandler in /WEB-INF/classes/
2026-01-07T20:52:23.557+09:00  INFO 116892 --- [main] org.atmosphere.cpr.AtmosphereFramework   : Installed WebSocketProtocol org.atmosphere.websocket.protocol.SimpleHttpProtocol 
2026-01-07T20:52:23.557+09:00  INFO 116892 --- [main] o.a.container.JSR356AsyncSupport         : JSR 356 Mapping path /HILLA/push
2026-01-07T20:52:23.558+09:00  INFO 116892 --- [main] org.atmosphere.cpr.AtmosphereFramework   : Installing Default AtmosphereInterceptors
2026-01-07T20:52:23.558+09:00  INFO 116892 --- [main] org.atmosphere.cpr.AtmosphereFramework   : 	org.atmosphere.interceptor.CorsInterceptor : CORS Interceptor Support
2026-01-07T20:52:23.558+09:00  INFO 116892 --- [main] org.atmosphere.cpr.AtmosphereFramework   : 	org.atmosphere.interceptor.CacheHeadersInterceptor : Default Response's Headers Interceptor
2026-01-07T20:52:23.558+09:00  INFO 116892 --- [main] org.atmosphere.cpr.AtmosphereFramework   : 	org.atmosphere.interceptor.PaddingAtmosphereInterceptor : Browser Padding Interceptor Support
2026-01-07T20:52:23.558+09:00  INFO 116892 --- [main] org.atmosphere.cpr.AtmosphereFramework   : 	org.atmosphere.interceptor.AndroidAtmosphereInterceptor : Android Interceptor Support
2026-01-07T20:52:23.558+09:00  INFO 116892 --- [main] org.atmosphere.cpr.AtmosphereFramework   : 	org.atmosphere.interceptor.HeartbeatInterceptor : Heartbeat Interceptor Support
2026-01-07T20:52:23.558+09:00  INFO 116892 --- [main] org.atmosphere.cpr.AtmosphereFramework   : 	org.atmosphere.interceptor.SSEAtmosphereInterceptor : SSE Interceptor Support
2026-01-07T20:52:23.558+09:00  INFO 116892 --- [main] org.atmosphere.cpr.AtmosphereFramework   : 	org.atmosphere.interceptor.JSONPAtmosphereInterceptor : JSONP Interceptor Support
2026-01-07T20:52:23.558+09:00  INFO 116892 --- [main] org.atmosphere.cpr.AtmosphereFramework   : 	org.atmosphere.interceptor.JavaScriptProtocol : Atmosphere JavaScript Protocol
2026-01-07T20:52:23.558+09:00  INFO 116892 --- [main] org.atmosphere.cpr.AtmosphereFramework   : 	org.atmosphere.interceptor.WebSocketMessageSuspendInterceptor : org.atmosphere.interceptor.WebSocketMessageSuspendInterceptor
2026-01-07T20:52:23.558+09:00  INFO 116892 --- [main] org.atmosphere.cpr.AtmosphereFramework   : 	org.atmosphere.interceptor.OnDisconnectInterceptor : Browser disconnection detection
2026-01-07T20:52:23.558+09:00  INFO 116892 --- [main] org.atmosphere.cpr.AtmosphereFramework   : 	org.atmosphere.interceptor.IdleResourceInterceptor : org.atmosphere.interceptor.IdleResourceInterceptor
2026-01-07T20:52:23.558+09:00  INFO 116892 --- [main] org.atmosphere.cpr.AtmosphereFramework   : Set org.atmosphere.cpr.AtmosphereInterceptor.disableDefaults to disable them.
2026-01-07T20:52:23.558+09:00  INFO 116892 --- [main] org.atmosphere.cpr.AtmosphereFramework   : Installed AtmosphereInterceptor CORS Interceptor Support with priority FIRST_BEFORE_DEFAULT 
2026-01-07T20:52:23.558+09:00  INFO 116892 --- [main] org.atmosphere.cpr.AtmosphereFramework   : Installed AtmosphereInterceptor Default Response's Headers Interceptor with priority AFTER_DEFAULT 
2026-01-07T20:52:23.558+09:00  INFO 116892 --- [main] org.atmosphere.cpr.AtmosphereFramework   : Installed AtmosphereInterceptor Browser Padding Interceptor Support with priority AFTER_DEFAULT 
2026-01-07T20:52:23.558+09:00  INFO 116892 --- [main] org.atmosphere.cpr.AtmosphereFramework   : Installed AtmosphereInterceptor Android Interceptor Support with priority AFTER_DEFAULT 
2026-01-07T20:52:23.558+09:00  INFO 116892 --- [main] o.a.interceptor.HeartbeatInterceptor     : HeartbeatInterceptor configured with padding value 'X', client frequency 0 seconds and server frequency 60 seconds
2026-01-07T20:52:23.558+09:00  INFO 116892 --- [main] org.atmosphere.cpr.AtmosphereFramework   : Installed AtmosphereInterceptor Heartbeat Interceptor Support with priority AFTER_DEFAULT 
2026-01-07T20:52:23.559+09:00  INFO 116892 --- [main] org.atmosphere.cpr.AtmosphereFramework   : Installed AtmosphereInterceptor SSE Interceptor Support with priority AFTER_DEFAULT 
2026-01-07T20:52:23.559+09:00  INFO 116892 --- [main] org.atmosphere.cpr.AtmosphereFramework   : Installed AtmosphereInterceptor JSONP Interceptor Support with priority AFTER_DEFAULT 
2026-01-07T20:52:23.559+09:00  INFO 116892 --- [main] org.atmosphere.cpr.AtmosphereFramework   : Installed AtmosphereInterceptor Atmosphere JavaScript Protocol with priority AFTER_DEFAULT 
2026-01-07T20:52:23.559+09:00  INFO 116892 --- [main] org.atmosphere.cpr.AtmosphereFramework   : Installed AtmosphereInterceptor org.atmosphere.interceptor.WebSocketMessageSuspendInterceptor with priority AFTER_DEFAULT 
2026-01-07T20:52:23.559+09:00  INFO 116892 --- [main] org.atmosphere.cpr.AtmosphereFramework   : Installed AtmosphereInterceptor Browser disconnection detection with priority AFTER_DEFAULT 
2026-01-07T20:52:23.559+09:00  INFO 116892 --- [main] org.atmosphere.cpr.AtmosphereFramework   : Installed AtmosphereInterceptor org.atmosphere.interceptor.IdleResourceInterceptor with priority BEFORE_DEFAULT 
2026-01-07T20:52:23.559+09:00  INFO 116892 --- [main] org.atmosphere.cpr.AtmosphereFramework   : Using EndpointMapper class org.atmosphere.util.DefaultEndpointMapper
2026-01-07T20:52:23.559+09:00  WARN 116892 --- [main] org.atmosphere.cpr.AtmosphereFramework   : No BroadcasterCache configured. Broadcasted message between client reconnection will be LOST. It is recommended to configure the org.atmosphere.cache.UUIDBroadcasterCache
2026-01-07T20:52:23.559+09:00  INFO 116892 --- [main] org.atmosphere.cpr.AtmosphereFramework   : Default Broadcaster Class: org.atmosphere.util.SimpleBroadcaster
2026-01-07T20:52:23.559+09:00  INFO 116892 --- [main] org.atmosphere.cpr.AtmosphereFramework   : Broadcaster Shared List Resources: false
2026-01-07T20:52:23.559+09:00  INFO 116892 --- [main] org.atmosphere.cpr.AtmosphereFramework   : Broadcaster Polling Wait Time 100
2026-01-07T20:52:23.559+09:00  INFO 116892 --- [main] org.atmosphere.cpr.AtmosphereFramework   : Shared ExecutorService supported: true
2026-01-07T20:52:23.559+09:00  INFO 116892 --- [main] org.atmosphere.util.ForkJoinPool         : Using ForkJoinPool  java.util.concurrent.ForkJoinPool. Set the org.atmosphere.cpr.broadcaster.maxAsyncWriteThreads to -1 to fully use its power.
2026-01-07T20:52:23.559+09:00  INFO 116892 --- [main] org.atmosphere.cpr.AtmosphereFramework   : Messaging ExecutorService Pool Size unavailable - Not instance of ThreadPoolExecutor
2026-01-07T20:52:23.559+09:00  INFO 116892 --- [main] org.atmosphere.cpr.AtmosphereFramework   : Async I/O Thread Pool Size: 200
2026-01-07T20:52:23.559+09:00  INFO 116892 --- [main] org.atmosphere.cpr.AtmosphereFramework   : Using BroadcasterFactory: org.atmosphere.cpr.DefaultBroadcasterFactory
2026-01-07T20:52:23.559+09:00  INFO 116892 --- [main] org.atmosphere.cpr.AtmosphereFramework   : Using AtmosphereResurceFactory: org.atmosphere.cpr.DefaultAtmosphereResourceFactory
2026-01-07T20:52:23.559+09:00  INFO 116892 --- [main] org.atmosphere.cpr.AtmosphereFramework   : Using WebSocketProcessor: org.atmosphere.websocket.DefaultWebSocketProcessor
2026-01-07T20:52:23.559+09:00  INFO 116892 --- [main] org.atmosphere.cpr.AtmosphereFramework   : Invoke AtmosphereInterceptor on WebSocket message true
2026-01-07T20:52:23.560+09:00  INFO 116892 --- [main] org.atmosphere.cpr.AtmosphereFramework   : HttpSession supported: false
2026-01-07T20:52:23.560+09:00  INFO 116892 --- [main] org.atmosphere.cpr.AtmosphereFramework   : Atmosphere is using DefaultAtmosphereObjectFactory for dependency injection and object creation
2026-01-07T20:52:23.560+09:00  INFO 116892 --- [main] org.atmosphere.cpr.AtmosphereFramework   : Atmosphere is using async support: org.atmosphere.container.JSR356AsyncSupport running under container: Apache Tomcat/10.1.30 using jakarta.servlet/3.0 and jsr356/WebSocket API
2026-01-07T20:52:23.560+09:00  INFO 116892 --- [main] org.atmosphere.cpr.AtmosphereFramework   : Atmosphere Framework 3.0.5.slf4jvaadin1 started.
2026-01-07T20:52:23.566+09:00  INFO 116892 --- [main] c.v.f.s.DefaultDeploymentConfiguration   : Vaadin is running in production mode.
2026-01-07T20:52:23.577+09:00  INFO 116892 --- [main] c.vaadin.flow.spring.SpringInstantiator  : The number of beans implementing 'I18NProvider' is 0. Cannot use Spring beans for I18N, falling back to the default behavior
2026-01-07T20:52:23.594+09:00  INFO 116892 --- [main] o.s.b.w.embedded.tomcat.TomcatWebServer  : Tomcat started on port 8080 (http) with context path '/'
2026-01-07T20:52:23.598+09:00  INFO 116892 --- [main] iu.SpringBoot.Vaadin.Application         : Started Application in 3.922 seconds (process running for 4.069)
2026-01-07T20:52:24.114+09:00  INFO 116892 --- [http-nio-8080-exec-1] o.a.c.c.C.[Tomcat].[localhost].[/]       : Initializing Spring DispatcherServlet 'dispatcherServlet'
2026-01-07T20:52:24.114+09:00  INFO 116892 --- [http-nio-8080-exec-1] o.s.web.servlet.DispatcherServlet        : Initializing Servlet 'dispatcherServlet'
2026-01-07T20:52:24.115+09:00  INFO 116892 --- [http-nio-8080-exec-1] o.s.web.servlet.DispatcherServlet        : Completed initialization in 1 ms
